Cboe data is compiled for the convenience of site visitors and is furnished without responsibility for accuracy and is accepted by the site visitor on the condition that transmission or omissions shall not be made the basis for any claim demand or cause for action.  Your use of Cboe data is subject to the Terms and Conditions of Cboe Websites.,,,,
VIX6M,,,,
Date,Open,High,Low,Close
1/7/2008,,,,24.22
1/8/2008,,,,25.18
1/9/2008,,,,24.48
1/10/2008,,,,24.57
1/11/2008,,,,24.96
1/14/2008,,,,24.41
1/15/2008,,,,24.9
1/16/2008,,,,24.64
1/17/2008,,,,26.52
1/18/2008,,,,26.11
1/22/2008,,,,26.87
1/23/2008,,,,25.73
1/24/2008,,,,25.74
1/25/2008,,,,26.48
1/28/2008,,,,25.73
1/29/2008,,,,25.43
1/30/2008,,,,25.68
1/31/2008,,,,22.83
2/1/2008,,,,24.18
2/4/2008,,,,25.13
2/5/2008,,,,26.58
2/6/2008,,,,27.23
2/7/2008,,,,26.47
2/8/2008,,,,26.77
2/11/2008,,,,26.38
2/12/2008,,,,26.1
2/13/2008,,,,25.53
2/14/2008,,,,25.67
2/15/2008,,,,25.65
2/19/2008,,,,25.5
2/20/2008,,,,24.95
2/21/2008,,,,25.33
2/22/2008,,,,24.79
2/25/2008,,,,24.3
2/26/2008,,,,23.78
2/27/2008,,,,24.17
2/28/2008,,,,24.61
2/29/2008,,,,26.33
3/3/2008,,,,25.91
3/4/2008,,,,25.52
3/5/2008,,,,24.8
3/6/2008,,,,26.44
3/7/2008,,,,26.51
3/10/2008,,,,27.51
3/11/2008,,,,25.77
3/12/2008,,,,26.91
3/13/2008,,,,27.03
3/14/2008,,,,28.48
3/17/2008,,,,28.41
3/18/2008,,,,25.61
3/19/2008,,,,27.83
3/20/2008,,,,26.56
3/24/2008,,,,25.91
3/25/2008,,,,26.14
3/26/2008,,,,26.49
3/27/2008,,,,26.27
3/28/2008,,,,26.24
3/31/2008,,,,25.75
4/1/2008,,,,24.2
4/2/2008,,,,24.66
4/3/2008,,,,24.64
4/4/2008,,,,24.06
4/7/2008,,,,23.7
4/8/2008,,,,23.66
4/9/2008,,,,24.11
4/10/2008,,,,23.68
4/11/2008,,,,24.55
4/14/2008,,,,24.72
4/15/2008,,,,24.26
4/16/2008,,,,22.72
4/17/2008,,,,22.63
4/18/2008,,,,22.29
4/21/2008,,,,22.25
4/22/2008,,,,22.67
4/23/2008,,,,22.65
4/24/2008,,,,22.27
4/25/2008,,,,21.68
4/28/2008,,,,21.45
4/29/2008,,,,21.72
4/30/2008,,,,21.93
5/1/2008,,,,20.77
5/2/2008,,,,20.59
5/5/2008,,,,21.05
5/6/2008,,,,20.91
5/7/2008,,,,21.9
5/8/2008,,,,21.83
5/9/2008,,,,21.91
5/12/2008,,,,21.33
5/13/2008,,,,21.29
5/14/2008,,,,21.18
5/15/2008,,,,20.79
5/16/2008,,,,21.2
5/19/2008,,,,21.37
5/20/2008,,,,22.11
5/21/2008,,,,23.34
5/22/2008,,,,22.92
5/23/2008,,,,23.69
5/27/2008,,,,23.22
5/28/2008,,,,22.96
5/29/2008,,,,22.44
5/30/2008,,,,22.04
6/2/2008,,,,22.99
6/3/2008,,,,23.36
6/4/2008,,,,23.73
6/5/2008,,,,22.47
6/6/2008,,,,24.82
6/9/2008,,,,24.52
6/10/2008,,,,24.45
6/11/2008,,,,24.83
6/12/2008,,,,24.34
6/13/2008,,,,23.27
6/16/2008,,,,22.91
6/17/2008,,,,23.07
6/18/2008,,,,23.93
6/19/2008,,,,23.3
6/20/2008,,,,23.78
6/23/2008,,,,23.71
6/24/2008,,,,23.67
6/25/2008,,,,22.88
6/26/2008,,,,24.47
6/27/2008,,,,24.29
6/30/2008,,,,24.17
7/1/2008,,,,24.07
7/2/2008,,,,25.1
7/3/2008,,,,24.67
7/7/2008,,,,25.01
7/8/2008,,,,23.64
7/9/2008,,,,24.71
7/10/2008,,,,24.69
7/11/2008,,,,25.5
7/14/2008,,,,25.93
7/15/2008,,,,26.2
7/16/2008,,,,24.57
7/17/2008,,,,24.33
7/18/2008,,,,23.97
7/21/2008,,,,23.57
7/22/2008,,,,22.71
7/23/2008,,,,22.91
7/24/2008,,,,24.06
7/25/2008,,,,23.89
7/28/2008,,,,24.47
7/29/2008,,,,23.06
7/30/2008,,,,22.36
7/31/2008,,,,23.22
8/1/2008,,,,23.38
8/4/2008,,,,23.65
8/5/2008,,,,22.34
8/6/2008,,,,22.18
8/7/2008,,,,22.78
8/8/2008,,,,22.56
8/11/2008,,,,22.46
8/12/2008,,,,23.08
8/13/2008,,,,23.43
8/14/2008,,,,22.82
8/15/2008,,,,22.57
8/18/2008,,,,23.11
8/19/2008,,,,23.37
8/20/2008,,,,23.01
8/21/2008,,,,22.89
8/22/2008,,,,22.54
8/25/2008,,,,23.35
8/26/2008,,,,23.23
8/27/2008,,,,22.85
8/28/2008,,,,22.48
8/29/2008,,,,23.18
9/2/2008,,,,23.54
9/3/2008,,,,23.32
9/4/2008,,,,24.27
9/5/2008,,,,23.97
9/8/2008,,,,23.43
9/9/2008,,,,24.78
9/10/2008,,,,24.3
9/11/2008,,,,24.09
9/12/2008,,,,24.57
9/15/2008,,,,26.46
9/16/2008,,,,25.56
9/17/2008,,,,27.84
9/18/2008,,,,26.12
9/19/2008,,,,26.14
9/22/2008,,,,27.44
9/23/2008,,,,28.57
9/24/2008,,,,28.37
9/25/2008,,,,27.31
9/26/2008,,,,27.7
9/29/2008,,,,32.03
9/30/2008,,,,29.77
10/1/2008,,,,30.36
10/2/2008,,,,32.2
10/3/2008,,,,32.66
10/6/2008,,,,33.64
10/7/2008,,,,34.45
10/8/2008,,,,38.13
10/9/2008,,,,42.33
10/10/2008,,,,45.22
10/13/2008,,,,37.85
10/14/2008,,,,38.65
10/15/2008,,,,44.59
10/16/2008,,,,43.53
10/17/2008,,,,45.79
10/20/2008,,,,40.17
10/21/2008,,,,40.68
10/22/2008,,,,45.28
10/23/2008,,,,45.47
10/24/2008,,,,50.85
10/27/2008,,,,52.29
10/28/2008,,,,47.54
10/29/2008,,,,50.06
10/30/2008,,,,47.82
10/31/2008,,,,48.44
11/3/2008,,,,46.54
11/4/2008,,,,43.28
11/5/2008,,,,45.86
11/6/2008,,,,50.44
11/7/2008,,,,47.26
11/10/2008,,,,48.94
11/11/2008,,,,50.22
11/12/2008,,,,52.95
11/13/2008,,,,49.21
11/14/2008,,,,53.93
11/17/2008,,,,55.16
11/18/2008,,,,52.88
11/19/2008,,,,58.59
11/20/2008,,,,61.47
11/21/2008,,,,57.71
11/24/2008,,,,52.22
11/25/2008,,,,51.57
11/26/2008,,,,48.55
11/28/2008,,,,49.05
12/1/2008,,,,55.4
12/2/2008,,,,53.49
12/3/2008,,,,52.63
12/4/2008,,,,55.88
12/5/2008,,,,53.5
12/8/2008,,,,52.31
12/9/2008,,,,53.67
12/10/2008,,,,52.74
12/11/2008,,,,52.68
12/12/2008,,,,51.92
12/15/2008,,,,51.87
12/16/2008,,,,49.48
12/17/2008,,,,48.86
12/18/2008,,,,47.6
12/19/2008,,,,45.67
12/22/2008,,,,45.27
12/23/2008,,,,45.47
12/24/2008,,,,45.06
12/26/2008,,,,44.48
12/29/2008,,,,44.27
12/30/2008,,,,42.82
12/31/2008,,,,41.61
1/2/2009,,,,39.21
1/5/2009,,,,39.3
1/6/2009,,,,38.69
1/7/2009,,,,41.21
1/8/2009,,,,41.65
1/9/2009,,,,42.35
1/12/2009,,,,44.5
1/13/2009,,,,44.45
1/14/2009,,,,47.6
1/15/2009,,,,48.23
1/16/2009,,,,47.03
1/20/2009,,,,51.3
1/21/2009,,,,47.27
1/22/2009,,,,47.96
1/23/2009,,,,47.06
1/26/2009,,,,45.65
1/27/2009,,,,44.11
1/28/2009,,,,41.68
1/29/2009,,,,42.61
1/30/2009,,,,43.78
2/2/2009,,,,43.28
2/3/2009,,,,42.17
2/4/2009,,,,41.97
2/5/2009,,,,41.92
2/6/2009,,,,41.46
2/9/2009,,,,41.3
2/10/2009,,,,43.88
2/11/2009,,,,42.82
2/12/2009,,,,42.03
2/13/2009,,,,41.8
2/17/2009,,,,44.13
2/18/2009,,,,44.57
2/19/2009,,,,44.14
2/20/2009,,,,45.23
2/23/2009,,,,47.19
2/24/2009,,,,43.65
2/25/2009,,,,43.65
2/26/2009,,,,43.51
2/27/2009,,,,44.05
3/2/2009,,,,46.9
3/3/2009,,,,46.16
3/4/2009,,,,43.35
3/5/2009,,,,44.65
3/6/2009,,,,44.11
3/9/2009,,,,43.96
3/10/2009,,,,40.84
3/11/2009,,,,41.05
3/12/2009,,,,39.78
3/13/2009,,,,40.83
3/16/2009,,,,41.15
3/17/2009,,,,39.58
3/18/2009,,,,39.75
3/19/2009,,,,42.13
3/20/2009,,,,44.27
3/23/2009,,,,41.41
3/24/2009,,,,41.78
3/25/2009,,,,40.63
3/26/2009,,,,40.34
3/27/2009,,,,41.54
3/30/2009,,,,43.82
3/31/2009,,,,42.96
4/1/2009,,,,42.35
4/2/2009,,,,41.76
4/3/2009,,,,41.31
4/6/2009,,,,41.61
4/7/2009,,,,41.84
4/8/2009,,,,41.12
4/9/2009,,,,40.26
4/13/2009,,,,39.96
4/14/2009,,,,40.2
4/15/2009,,,,39.38
4/16/2009,,,,38.61
4/17/2009,,,,37.49
4/20/2009,,,,39.37
4/21/2009,,,,38.3
4/22/2009,,,,38.95
4/23/2009,,,,38.55
4/24/2009,,,,38.33
4/27/2009,,,,38.88
4/28/2009,,,,38.74
4/29/2009,,,,37.36
4/30/2009,,,,36.84
5/1/2009,,,,36.38
5/4/2009,,,,35.44
5/5/2009,,,,35.37
5/6/2009,,,,34.34
5/7/2009,,,,34.74
5/8/2009,,,,33.71
5/11/2009,,,,34.16
5/12/2009,,,,33.9
5/13/2009,,,,34.56
5/14/2009,,,,33.14
5/15/2009,,,,33.85
5/18/2009,,,,32.22
5/19/2009,,,,31.5
5/20/2009,,,,31.75
5/21/2009,,,,33.01
5/22/2009,,,,33.72
5/26/2009,,,,32.31
5/27/2009,,,,33.11
5/28/2009,,,,32.93
5/29/2009,,,,31.8
6/1/2009,,,,31.72
6/2/2009,,,,31.66
6/3/2009,,,,32.88
6/4/2009,,,,32.55
6/5/2009,,,,32.65
6/8/2009,,,,32.73
6/9/2009,,,,32.1
6/10/2009,,,,32.04
6/11/2009,,,,31.35
6/12/2009,,,,31
6/15/2009,,,,32.51
6/16/2009,,,,33.25
6/17/2009,,,,33.09
6/18/2009,,,,32.46
6/19/2009,,,,32.2
6/22/2009,,,,33.35
6/23/2009,,,,32.99
6/24/2009,,,,32.17
6/25/2009,,,,30.93
6/26/2009,,,,30.77
6/29/2009,,,,29.77
6/30/2009,,,,30.08
7/1/2009,,,,30.13
7/2/2009,,,,31.21
7/6/2009,,,,31.41
7/7/2009,,,,32.27
7/8/2009,,,,32.98
7/9/2009,,,,32.19
7/10/2009,,,,32.19
7/13/2009,,,,31.13
7/14/2009,,,,30.8
7/15/2009,,,,30.3
7/16/2009,,,,30.04
7/17/2009,,,,29.75
7/20/2009,,,,29.11
7/21/2009,,,,28.81
7/22/2009,,,,28.63
7/23/2009,,,,28.38
7/24/2009,,,,27.93
7/27/2009,,,,28.29
7/28/2009,,,,29.14
7/29/2009,,,,29.46
7/30/2009,,,,29.24
7/31/2009,,,,29.06
8/3/2009,,,,28.78
8/4/2009,,,,28.48
8/5/2009,,,,28.64
8/6/2009,,,,29.05
8/7/2009,,,,28.36
8/10/2009,,,,28.31
8/11/2009,,,,29.19
8/12/2009,,,,28.86
8/13/2009,,,,28.73
8/14/2009,,,,28.54
8/17/2009,,,,30.75
8/18/2009,,,,30.09
8/19/2009,,,,29.97
8/20/2009,,,,29.73
8/21/2009,,,,29.3
8/24/2009,,,,29.7
8/25/2009,,,,29.65
8/26/2009,,,,29.87
8/27/2009,,,,29.77
8/28/2009,,,,29.49
8/31/2009,,,,30.13
9/1/2009,,,,31.53
9/2/2009,,,,31.62
9/3/2009,,,,30.5
9/4/2009,,,,29.67
9/8/2009,,,,29.32
9/9/2009,,,,28.58
9/10/2009,,,,27.83
9/11/2009,,,,27.83
9/14/2009,,,,27.56
9/15/2009,,,,27.55
9/16/2009,,,,27.54
9/17/2009,,,,27.2
9/18/2009,,,,27.63
9/21/2009,,,,27.54
9/22/2009,,,,27.32
9/23/2009,,,,27.6
9/24/2009,,,,28.5
9/25/2009,,,,28.47
9/28/2009,,,,27.84
9/29/2009,,,,28
9/30/2009,,,,27.77
10/1/2009,,,,29.28
10/2/2009,,,,29.66
10/5/2009,,,,28.73
10/6/2009,,,,28.06
10/7/2009,,,,27.59
10/8/2009,,,,27.32
10/9/2009,,,,26.75
10/12/2009,,,,26.75
10/13/2009,,,,26.79
10/14/2009,,,,26.58
10/15/2009,,,,26.16
10/16/2009,,,,26.32
10/19/2009,,,,25.94
10/20/2009,,,,25.86
10/21/2009,,,,26.41
10/22/2009,,,,25.59
10/23/2009,,,,26.28
10/26/2009,,,,27.07
10/27/2009,,,,27.11
10/28/2009,,,,28.29
10/29/2009,,,,27.12
10/30/2009,,,,29.49
11/2/2009,,,,29.36
11/3/2009,,,,29.32
11/4/2009,,,,29.04
11/5/2009,,,,27.92
11/6/2009,,,,27.47
11/9/2009,,,,26.77
11/10/2009,,,,26.74
11/11/2009,,,,27.02
11/12/2009,,,,27.8
11/13/2009,,,,27.56
11/16/2009,,,,27.19
11/17/2009,,,,27.2
11/18/2009,,,,27.19
11/19/2009,,,,27.58
11/20/2009,,,,27.19
11/23/2009,,,,26.61
11/24/2009,,,,26.52
11/25/2009,,,,26.17
11/27/2009,,,,27.99
11/30/2009,,,,27.73
12/1/2009,,,,26.99
12/2/2009,,,,26.98
12/3/2009,,,,27.46
12/4/2009,,,,26.94
12/7/2009,,,,27.1
12/8/2009,,,,27.75
12/9/2009,,,,27.53
12/10/2009,,,,27.2
12/11/2009,,,,26.96
12/14/2009,,,,26.73
12/15/2009,,,,26.72
12/16/2009,,,,26.07
12/17/2009,,,,26.37
12/18/2009,,,,26.18
12/21/2009,,,,25.51
12/22/2009,,,,24.82
12/23/2009,,,,24.78
12/24/2009,,,,24.56
12/28/2009,,,,24.55
12/29/2009,,,,24.53
12/30/2009,,,,24.66
12/31/2009,,,,25.66
1/4/2010,,,,24.61
1/5/2010,,,,24.22
1/6/2010,,,,23.8
1/7/2010,,,,23.44
1/8/2010,,,,22.92
1/11/2010,,,,22.89
1/12/2010,,,,23.12
1/13/2010,,,,22.76
1/14/2010,,,,22.41
1/15/2010,,,,23.02
1/19/2010,,,,22.45
1/20/2010,,,,22.66
1/21/2010,,,,24.15
1/22/2010,,,,26.18
1/25/2010,,,,25.5
1/26/2010,,,,25.52
1/27/2010,,,,24.88
1/28/2010,,,,25.38
1/29/2010,,,,25.69
2/1/2010,,,,24.78
2/2/2010,,,,24.12
2/3/2010,,,,24.12
2/4/2010,,,,26.37
2/5/2010,,,,26.65
2/8/2010,,,,26.88
2/9/2010,,,,26.65
2/10/2010,,,,26.46
2/11/2010,,,,25.67
2/12/2010,,,,25.58
2/16/2010,,,,24.88
2/17/2010,,,,24.55
2/18/2010,,,,23.96
2/19/2010,,,,23.53
2/22/2010,,,,23.03
2/23/2010,,,,23.71
2/24/2010,,,,23.15
2/25/2010,,,,23.4
2/26/2010,,,,23.01
3/1/2010,,,,22.71
3/2/2010,,,,22.48
3/3/2010,,,,22.46
3/4/2010,,,,22.49
3/5/2010,,,,22.15
3/8/2010,,,,21.89
3/9/2010,,,,21.74
3/10/2010,,,,22.15
3/11/2010,,,,22.76
3/12/2010,,,,22.32
3/15/2010,,,,22.25
3/16/2010,,,,21.94
3/17/2010,,,,21.45
3/18/2010,,,,21.37
3/19/2010,,,,21.84
3/22/2010,,,,21.65
3/23/2010,,,,21.39
3/24/2010,,,,21.84
3/25/2010,,,,22.06
3/26/2010,,,,21.73
3/29/2010,,,,21.61
3/30/2010,,,,21.4
3/31/2010,,,,21.58
4/1/2010,,,,21.7
4/5/2010,,,,21.2
4/6/2010,,,,20.94
4/7/2010,,,,21.26
4/8/2010,,,,21.2
4/9/2010,,,,20.9
4/12/2010,,,,21
4/13/2010,,,,21.19
4/14/2010,,,,21.02
4/15/2010,,,,21.22
4/16/2010,,,,22.3
4/19/2010,,,,22.13
4/20/2010,,,,21.58
4/21/2010,,,,21.9
4/22/2010,,,,22.06
4/23/2010,,,,22.08
4/26/2010,,,,22.38
4/27/2010,,,,24.36
4/28/2010,,,,24.2
4/29/2010,,,,23.31
4/30/2010,,,,25.26
5/3/2010,,,,24.58
5/4/2010,,,,26.57
5/5/2010,,,,27.74
5/6/2010,,,,31.02
5/7/2010,,,,35.3
5/10/2010,,,,29.98
5/11/2010,,,,30.61
5/12/2010,,,,27.9
5/13/2010,,,,28.33
5/14/2010,,,,30.8
5/17/2010,,,,30.72
5/18/2010,,,,32.69
5/19/2010,,,,33.81
5/20/2010,,,,38.83
5/21/2010,,,,36.87
5/24/2010,,,,36.38
5/25/2010,,,,35.64
5/26/2010,,,,34.89
5/27/2010,,,,32.16
5/28/2010,,,,32.16
6/1/2010,,,,33.56
6/2/2010,,,,31.97
6/3/2010,,,,31.29
6/4/2010,,,,34.26
6/7/2010,,,,35.03
6/8/2010,,,,34.03
6/9/2010,,,,34.3
6/10/2010,,,,32.54
6/11/2010,,,,31.97
6/14/2010,,,,31.86
6/15/2010,,,,30.11
6/16/2010,,,,30.24
6/17/2010,,,,29.79
6/18/2010,,,,28.94
6/21/2010,,,,28.97
6/22/2010,,,,30.28
6/23/2010,,,,30.72
6/24/2010,,,,32.82
6/25/2010,,,,32.46
6/28/2010,,,,32.33
6/29/2010,,,,35.05
6/30/2010,,,,35.69
7/1/2010,,,,35.69
7/2/2010,,,,35.16
7/6/2010,,,,34.14
7/7/2010,,,,32.24
7/8/2010,,,,31.54
7/9/2010,,,,30.91
7/12/2010,,,,31.15
7/13/2010,,,,30.54
7/14/2010,,,,31.2
7/15/2010,,,,31.61
7/16/2010,,,,32.76
7/19/2010,,,,32.63
7/20/2010,,,,30.53
7/21/2010,,,,31.31
7/22/2010,,,,30.39
7/23/2010,,,,29.65
7/26/2010,,,,29.11
7/27/2010,,,,28.96
7/28/2010,,,,28.88
7/29/2010,,,,28.97
7/30/2010,,,,28.53
8/2/2010,,,,27.44
8/3/2010,,,,28.02
8/4/2010,,,,27.9
8/5/2010,,,,28.14
8/6/2010,,,,28.15
8/9/2010,,,,28.14
8/10/2010,,,,28.49
8/11/2010,,,,30.43
8/12/2010,,,,30.99
8/13/2010,,,,31.59
8/16/2010,,,,31.41
8/17/2010,,,,30.65
8/18/2010,,,,30.55
8/19/2010,,,,31.34
8/20/2010,,,,31.42
8/23/2010,,,,31.28
8/24/2010,,,,32.08
8/25/2010,,,,31.55
8/26/2010,,,,32.2
8/27/2010,,,,30.58
8/30/2010,,,,32.02
8/31/2010,,,,31.43
9/1/2010,,,,29.99
9/2/2010,,,,29.43
9/3/2010,,,,28.21
9/7/2010,,,,29.38
9/8/2010,,,,28.91
9/9/2010,,,,28.48
9/10/2010,,,,27.96
9/13/2010,,,,27.15
9/14/2010,,,,27.09
9/15/2010,,,,27.27
9/16/2010,,,,27.28
9/17/2010,,,,27.63
9/20/2010,,,,27.24
9/21/2010,,,,27.78
9/22/2010,,,,28.27
9/23/2010,,,,29.13
9/24/2010,,,,28.03
9/27/2010,,,,28.32
9/28/2010,,,,28.39
9/29/2010,,,,28.9
9/30/2010,,,,29.03
10/1/2010,,,,28.94
10/4/2010,,,,29.42
10/5/2010,,,,28.35
10/6/2010,,,,28.39
10/7/2010,,,,28.36
10/8/2010,,,,27.75
10/11/2010,,,,27.55
10/12/2010,,,,27.03
10/13/2010,,,,26.65
10/14/2010,,,,27.23
10/15/2010,,,,26.86
10/18/2010,,,,26.57
10/19/2010,,,,27.2
10/20/2010,,,,26.37
10/21/2010,,,,26
10/22/2010,,,,25.52
10/25/2010,,,,25.49
10/26/2010,,,,25.73
10/27/2010,,,,25.96
10/28/2010,,,,25.85
10/29/2010,,,,25.62
11/1/2010,,,,26.16
11/2/2010,,,,25.91
11/3/2010,,,,24.73
11/4/2010,,,,23.6
11/5/2010,,,,23.8
11/8/2010,,,,24.09
11/9/2010,,,,24.4
11/10/2010,,,,24.52
11/11/2010,,,,24.68
11/12/2010,,,,25.78
11/15/2010,,,,25.63
11/16/2010,,,,26.76
11/17/2010,,,,26.51
11/18/2010,,,,25.37
11/19/2010,,,,25
11/22/2010,,,,24.5
11/23/2010,,,,25.36
11/24/2010,,,,24.8
11/26/2010,,,,26.08
11/29/2010,,,,26.15
11/30/2010,,,,27.14
12/1/2010,,,,26.4
12/2/2010,,,,24.87
12/3/2010,,,,24.09
12/6/2010,,,,23.94
12/7/2010,,,,23.8
12/8/2010,,,,23.27
12/9/2010,,,,22.87
12/10/2010,,,,22.63
12/13/2010,,,,23.04
12/14/2010,,,,23.03
12/15/2010,,,,23.31
12/16/2010,,,,23.21
12/17/2010,,,,23.12
12/20/2010,,,,23.02
12/21/2010,,,,22.9
12/22/2010,,,,22.69
12/23/2010,,,,23.4
12/27/2010,,,,23.69
12/28/2010,,,,23.91
12/29/2010,,,,23.97
12/30/2010,,,,24.03
12/31/2010,,,,23.75
1/3/2011,,,,23.4
1/4/2011,,,,23.19
1/5/2011,,,,22.78
1/6/2011,,,,22.87
1/7/2011,,,,22.92
1/10/2011,,,,22.93
1/11/2011,,,,22.71
1/12/2011,,,,21.94
1/13/2011,,,,21.91
1/14/2011,,,,21.33
1/18/2011,,,,21.29
1/19/2011,,,,22.04
1/20/2011,,,,22.15
1/21/2011,,,,22.25
1/24/2011,,,,21.98
1/25/2011,,,,21.82
1/26/2011,,,,21.24
1/27/2011,,,,20.83
1/28/2011,,,,22.34
1/31/2011,,,,21.88
2/1/2011,,,,21.1
2/2/2011,,,,21.22
2/3/2011,,,,21
2/4/2011,,,,20.6
2/7/2011,,,,20.36
2/8/2011,,,,20.08
2/9/2011,,,,20.09
2/10/2011,,,,20.16
2/11/2011,,,,19.85
2/14/2011,,,,20.03
2/15/2011,,,,20.24
2/16/2011,,,,20.33
2/17/2011,,,,20.71
2/18/2011,,,,20.92
2/22/2011,,,,22.99
2/23/2011,,,,23.88
2/24/2011,,,,23.86
2/25/2011,,,,22.71
2/28/2011,,,,21.75
3/1/2011,,,,23.31
3/2/2011,,,,23.29
3/3/2011,,,,22.29
3/4/2011,,,,22.67
3/7/2011,,,,23.46
3/8/2011,,,,23.13
3/9/2011,,,,23.47
3/10/2011,,,,24.27
3/11/2011,,,,23.69
3/14/2011,,,,24
3/15/2011,,,,25.27
3/16/2011,,,,27.1
3/17/2011,,,,26.09
3/18/2011,,,,25.36
3/21/2011,,,,23.45
3/22/2011,,,,23.34
3/23/2011,,,,22.75
3/24/2011,,,,22.19
3/25/2011,,,,22.15
3/28/2011,,,,22.63
3/29/2011,,,,22.05
3/30/2011,,,,21.75
3/31/2011,,,,21.93
4/1/2011,,,,21.76
4/4/2011,,,,21.66
4/5/2011,,,,21.65
4/6/2011,,,,21.63
4/7/2011,,,,21.83
4/8/2011,,,,22.32
4/11/2011,,,,22.31
4/12/2011,,,,22.63
4/13/2011,,,,22.36
4/14/2011,,,,22.34
4/15/2011,,,,21.88
4/18/2011,,,,22.49
4/19/2011,,,,21.97
4/20/2011,,,,21.37
4/21/2011,,,,21.21
4/25/2011,,,,21.36
4/26/2011,,,,20.96
4/27/2011,,,,20.64
4/28/2011,,,,20.29
4/29/2011,,,,20.25
5/2/2011,,,,21.06
5/3/2011,,,,21.49
5/4/2011,,,,21.82
5/5/2011,,,,22.1
5/6/2011,,,,22.04
5/9/2011,,,,21.59
5/10/2011,,,,21.05
5/11/2011,,,,21.49
5/12/2011,,,,21.07
5/13/2011,,,,21.44
5/16/2011,,,,21.94
5/17/2011,,,,21.73
5/18/2011,,,,21.11
5/19/2011,,,,20.84
5/20/2011,,,,21.43
5/23/2011,,,,22.02
5/24/2011,,,,21.75
5/25/2011,,,,21.57
5/26/2011,,,,20.92
5/27/2011,,,,20.63
5/31/2011,,,,20.01
6/1/2011,,,,21.41
6/2/2011,,,,21.29
6/3/2011,,,,21.59
6/6/2011,,,,21.81
6/7/2011,,,,21.6
6/8/2011,,,,21.86
6/9/2011,,,,21.34
6/10/2011,,,,25.1
6/13/2011,,,,22.08
6/14/2011,,,,21.44
6/15/2011,,,,22.91
6/16/2011,,,,24
6/17/2011,,,,23.82
6/20/2011,,,,23.07
6/21/2011,,,,22.46
6/22/2011,,,,22.66
6/23/2011,,,,22.82
6/24/2011,,,,23.62
6/27/2011,,,,23.28
6/28/2011,,,,22.7
6/29/2011,,,,21.85
6/30/2011,,,,20.97
7/1/2011,,,,20.43
7/5/2011,,,,20.57
7/6/2011,,,,20.62
7/7/2011,,,,20.12
7/8/2011,,,,20.35
7/11/2011,,,,21.86
7/12/2011,,,,22.45
7/13/2011,,,,22.47
7/14/2011,,,,23.03
7/15/2011,,,,22.72
7/18/2011,,,,23.33
7/19/2011,,,,22.43
7/20/2011,,,,22.34
7/21/2011,,,,21.39
7/22/2011,,,,21.57
7/25/2011,,,,22.06
7/26/2011,,,,22.35
7/27/2011,,,,23.55
7/28/2011,,,,23.62
7/29/2011,,,,23.63
8/1/2011,,,,23.03
8/2/2011,,,,24.01
8/3/2011,,,,23.85
8/4/2011,,,,27.88
8/5/2011,,,,28.81
8/8/2011,,,,35
8/9/2011,,,,29.97
8/10/2011,,,,33.9
8/11/2011,,,,32.13
8/12/2011,,,,31.19
8/15/2011,,,,29.58
8/16/2011,,,,29.82
8/17/2011,,,,29.53
8/18/2011,,,,33.23
8/19/2011,,,,35.13
8/22/2011,,,,35.19
8/23/2011,,,,33.21
8/24/2011,,,,33.35
8/25/2011,,,,34.67
8/26/2011,,,,33.25
8/29/2011,,,,31.76
8/30/2011,,,,32.16
8/31/2011,,,,31.59
9/1/2011,,,,31.88
9/2/2011,,,,32.99
9/6/2011,,,,34.23
9/7/2011,,,,32.14
9/8/2011,,,,33.14
9/9/2011,,,,35.32
9/12/2011,,,,35.77
9/13/2011,,,,35.32
9/14/2011,,,,34.02
9/15/2011,,,,33.44
9/16/2011,,,,33.02
9/19/2011,,,,33.78
9/20/2011,,,,33.57
9/21/2011,,,,35.63
9/22/2011,,,,37.61
9/23/2011,,,,37.92
9/26/2011,,,,37.08
9/27/2011,,,,36.54
9/28/2011,,,,38.21
9/29/2011,,,,37.2
9/30/2011,,,,39.23
10/3/2011,,,,41.36
10/4/2011,,,,39.13
10/5/2011,,,,37.86
10/6/2011,,,,36.91
10/7/2011,,,,37.25
10/10/2011,,,,35.17
10/11/2011,,,,34.81
10/12/2011,,,,33.39
10/13/2011,,,,33.29
10/14/2011,,,,31.67
10/17/2011,,,,33.81
10/18/2011,,,,32.87
10/19/2011,,,,34.57
10/20/2011,,,,34.51
10/21/2011,,,,32.98
10/24/2011,,,,31.8
10/25/2011,,,,33.12
10/26/2011,,,,31.82
10/27/2011,,,,28.76
10/28/2011,,,,28.31
10/31/2011,,,,30.99
11/1/2011,,,,34.5
11/2/2011,,,,33.64
11/3/2011,,,,32.45
11/4/2011,,,,32.46
11/7/2011,,,,32.33
11/8/2011,,,,31.17
11/9/2011,,,,35.55
11/10/2011,,,,34.7
11/11/2011,,,,33.31
11/14/2011,,,,33.88
11/15/2011,,,,33.79
11/16/2011,,,,35.14
11/17/2011,,,,36.14
11/18/2011,,,,35.55
11/21/2011,,,,36.17
11/22/2011,,,,35.69
11/23/2011,,,,37.05
11/25/2011,,,,37.83
11/28/2011,,,,35.1
11/29/2011,,,,34.64
11/30/2011,,,,31.94
12/1/2011,,,,31.92
12/2/2011,,,,31.53
12/5/2011,,,,31.41
12/6/2011,,,,31.6
12/7/2011,,,,31.96
12/8/2011,,,,33.23
12/9/2011,,,,31.25
12/12/2011,,,,31.55
12/13/2011,,,,31.85
12/14/2011,,,,31.95
12/15/2011,,,,31.37
12/16/2011,,,,31.92
12/19/2011,,,,31.49
12/20/2011,,,,29.52
12/21/2011,,,,28.56
12/22/2011,,,,28.06
12/23/2011,,,,27.96
12/27/2011,,,,28.09
12/28/2011,,,,29.02
12/29/2011,,,,28.52
12/30/2011,,,,28.34
1/3/2012,,,,28.26
1/4/2012,,,,27.67
1/5/2012,,,,27.2
1/6/2012,,,,26.73
1/9/2012,,,,26.57
1/10/2012,,,,26.1
1/11/2012,,,,26.45
1/12/2012,,,,26.44
1/13/2012,,,,26.98
1/17/2012,,,,27.51
1/18/2012,,,,26.57
1/19/2012,,,,26.02
1/20/2012,,,,25.42
1/23/2012,,,,25.07
1/24/2012,,,,24.85
1/25/2012,,,,24.06
1/26/2012,,,,24.25
1/27/2012,,,,24.13
1/30/2012,,,,24.49
1/31/2012,,,,24.6
2/1/2012,,,,24.37
2/2/2012,,,,23.89
2/3/2012,,,,23
2/6/2012,,,,23.11
2/7/2012,,,,22.85
2/8/2012,,,,23.14
2/9/2012,,,,23.77
2/10/2012,,,,25.17
2/13/2012,,,,24.47
2/14/2012,,,,25.22
2/15/2012,,,,26.17
2/16/2012,,,,25.33
2/17/2012,,,,24.92
2/21/2012,,,,25.14
2/22/2012,,,,25.01
2/23/2012,,,,24.02
2/24/2012,,,,24.3
2/27/2012,,,,24.66
2/28/2012,,,,24.53
2/29/2012,,,,24.43
3/1/2012,,,,23.92
3/2/2012,,,,24.12
3/5/2012,,,,24.62
3/6/2012,,,,26.16
3/7/2012,,,,25.37
3/8/2012,,,,24.62
3/9/2012,,,,24.04
3/12/2012,,,,23.71
3/13/2012,,,,22.6
3/14/2012,,,,23.38
3/15/2012,,,,23.08
3/16/2012,,,,22.85
3/19/2012,,,,22.46
3/20/2012,,,,22.49
3/21/2012,,,,21.83
3/22/2012,,,,22.02
3/23/2012,,,,21.49
3/26/2012,,,,20.33
3/27/2012,,,,21.06
3/28/2012,,,,21.24
3/29/2012,,,,21.37
3/30/2012,,,,21
4/2/2012,,,,21.05
4/3/2012,,,,21.28
4/4/2012,,,,21.9
4/5/2012,,,,22.18
4/9/2012,,,,23.22
4/10/2012,,,,24.75
4/11/2012,,,,24.62
4/12/2012,,,,23.02
4/13/2012,,,,24.25
4/16/2012,,,,24.25
4/17/2012,,,,23.23
4/18/2012,,,,23.46
4/19/2012,,,,23.61
4/20/2012,,,,23.09
4/23/2012,,,,23.77
4/24/2012,,,,23.22
4/25/2012,,,,22.15
4/26/2012,,,,21.55
4/27/2012,,,,21.58
4/30/2012,,,,21.7
5/1/2012,,,,21.68
5/2/2012,,,,21.61
5/3/2012,,,,22
5/4/2012,,,,22.94
5/7/2012,,,,22.85
5/8/2012,,,,23.14
5/9/2012,,,,23.79
5/10/2012,,,,23.23
5/11/2012,,,,23.75
5/14/2012,,,,24.95
5/15/2012,,,,25.74
5/16/2012,,,,26.42
5/17/2012,,,,27.73
5/18/2012,,,,28.64
5/21/2012,,,,27.49
5/22/2012,,,,27.33
5/23/2012,,,,27.47
5/24/2012,,,,27.71
5/25/2012,,,,27.14
5/29/2012,,,,26.13
5/30/2012,,,,27.71
5/31/2012,,,,27.74
6/1/2012,,,,30.21
6/4/2012,,,,29.36
6/5/2012,,,,28.57
6/6/2012,,,,26.87
6/7/2012,,,,26.72
6/8/2012,,,,26.26
6/11/2012,,,,27.5
6/12/2012,,,,27.22
6/13/2012,,,,28.27
6/14/2012,,,,26.97
6/15/2012,,,,26.02
6/18/2012,,,,25.01
6/19/2012,,,,24.44
6/20/2012,,,,23.97
6/21/2012,,,,25.53
6/22/2012,,,,24.34
6/25/2012,,,,25.42
6/26/2012,,,,25.1
6/27/2012,,,,24.75
6/28/2012,,,,24.66
6/29/2012,,,,22.87
7/2/2012,,,,22.53
7/3/2012,,,,22.35
7/5/2012,,,,22.89
7/6/2012,,,,22.9
7/9/2012,,,,23.05
7/10/2012,,,,23.4
7/11/2012,,,,22.94
7/12/2012,,,,23.15
7/13/2012,,,,22.22
7/16/2012,,,,22.41
7/17/2012,,,,21.81
7/18/2012,,,,21.71
7/19/2012,,,,21.55
7/20/2012,,,,22.39
7/23/2012,,,,23.63
7/24/2012,,,,24.48
7/25/2012,,,,24.32
7/26/2012,,,,23.11
7/27/2012,,,,22.45
7/30/2012,,,,22.81
7/31/2012,,,,23.27
8/1/2012,,,,23.12
8/2/2012,,,,22.97
8/3/2012,,,,21.79
8/6/2012,,,,21.93
8/7/2012,,,,21.84
8/8/2012,,,,21.63
8/9/2012,,,,21.37
8/10/2012,,,,21.2
8/13/2012,,,,21.27
8/14/2012,,,,21.67
8/15/2012,,,,21.82
8/16/2012,,,,21.73
8/17/2012,,,,21.54
8/20/2012,,,,21.67
8/21/2012,,,,22.12
8/22/2012,,,,22.42
8/23/2012,,,,22.91
8/24/2012,,,,22.21
8/27/2012,,,,22.68
8/28/2012,,,,22.73
8/29/2012,,,,23.15
8/30/2012,,,,23.5
8/31/2012,,,,23.27
9/4/2012,,,,23.3
9/5/2012,,,,22.62
9/6/2012,,,,21.72
9/7/2012,,,,20.99
9/10/2012,,,,21.39
9/11/2012,,,,21.23
9/12/2012,,,,20.66
9/13/2012,,,,19.63
9/14/2012,,,,19.81
9/17/2012,,,,20
9/18/2012,,,,19.68
9/19/2012,,,,19.52
9/20/2012,,,,19.75
9/21/2012,,,,19.83
9/24/2012,,,,19.76
9/25/2012,,,,20.46
9/26/2012,,,,21.13
9/27/2012,,,,20.1
9/28/2012,,,,20.37
10/1/2012,,,,20.58
10/2/2012,,,,20.51
10/3/2012,,,,20.37
10/4/2012,,,,20.02
10/5/2012,,,,19.66
10/8/2012,,,,20
10/9/2012,,,,20.48
10/10/2012,,,,20.46
10/11/2012,,,,20.1
10/12/2012,,,,20.1
10/15/2012,,,,19.62
10/16/2012,,,,19.37
10/17/2012,,,,19.19
10/18/2012,,,,19.16
10/19/2012,,,,20.32
10/22/2012,,,,20.15
10/23/2012,,,,21.34
10/24/2012,,,,21.27
10/25/2012,,,,21.06
10/26/2012,,,,21.01
10/31/2012,,,,20.73
11/1/2012,,,,20.03
11/2/2012,,,,20.51
11/5/2012,,,,20.83
11/6/2012,,,,20.26
11/7/2012,,,,21.52
11/8/2012,,,,21.63
11/9/2012,,,,21.78
11/12/2012,,,,21.14
11/13/2012,,,,21.04
11/14/2012,,,,21.75
11/15/2012,,,,21.73
11/16/2012,,,,21.11
11/19/2012,,,,19.91
11/20/2012,,,,19.58
11/21/2012,,,,19.64
11/23/2012,,,,19.35
11/26/2012,,,,19.46
11/27/2012,,,,19.72
11/28/2012,,,,19.41
11/29/2012,,,,19.15
11/30/2012,,,,19.33
12/3/2012,,,,19.89
12/4/2012,,,,19.97
12/5/2012,,,,19.63
12/6/2012,,,,19.43
12/7/2012,,,,19.1
12/10/2012,,,,19.15
12/11/2012,,,,18.97
12/12/2012,,,,19.25
12/13/2012,,,,19.52
12/14/2012,,,,19.66
12/17/2012,,,,19.11
12/18/2012,,,,18.44
12/19/2012,,,,19.06
12/20/2012,,,,19.23
12/21/2012,,,,19.95
12/24/2012,,,,20.32
12/26/2012,,,,20.87
12/27/2012,,,,20.89
12/28/2012,,,,22.4
12/31/2012,,,,20.25
1/2/2013,,,,18.63
1/3/2013,,,,18.49
1/4/2013,,,,18.17
1/7/2013,,,,18.25
1/8/2013,,,,18.25
1/9/2013,,,,18.36
1/10/2013,,,,17.97
1/11/2013,,,,17.89
1/14/2013,,,,18.05
1/15/2013,,,,18.02
1/16/2013,,,,17.96
1/17/2013,,,,17.76
1/18/2013,,,,17.21
1/22/2013,,,,16.6
1/23/2013,,,,16.27
1/24/2013,,,,16.46
1/25/2013,,,,16.35
1/28/2013,,,,16.5
1/29/2013,,,,16.27
1/30/2013,,,,16.84
1/31/2013,,,,17.25
2/1/2013,,,,16.5
2/4/2013,,,,17.23
2/5/2013,,,,16.81
2/6/2013,,,,16.77
2/7/2013,,,,16.83
2/8/2013,,,,16.45
2/11/2013,,,,16.39
2/12/2013,,,,16.18
2/13/2013,,,,16.35
2/14/2013,,,,16.16
2/15/2013,,,,16.12
2/19/2013,,,,15.83
2/20/2013,,,,16.82
2/21/2013,,,,17.05
2/22/2013,,,,16.53
2/25/2013,,,,18.61
2/26/2013,,,,18.16
2/27/2013,,,,17.03
2/28/2013,,,,17.4
3/1/2013,,,,17.51
3/4/2013,,,,16.92
3/5/2013,,,,16.54
3/6/2013,,,,16.54
3/7/2013,,,,16.38
3/8/2013,,,,16.2
3/11/2013,,,,15.94
3/12/2013,,,,16.12
3/13/2013,,,,16.21
3/14/2013,,,,15.81
3/15/2013,,,,16.1
3/18/2013,,,,16.91
3/19/2013,,,,17.2
3/20/2013,,,,16.62
3/21/2013,,,,17.12
3/22/2013,,,,16.96
3/25/2013,,,,17.01
3/26/2013,,,,16.59
3/27/2013,,,,16.76
3/28/2013,,,,16.61
4/1/2013,,,,17.03
4/2/2013,,,,16.59
4/3/2013,,,,17.14
4/4/2013,,,,17
4/5/2013,,,,17.18
4/8/2013,,,,16.69
4/9/2013,,,,16.5
4/10/2013,,,,16.14
4/11/2013,,,,16.17
4/12/2013,,,,16.15
4/15/2013,,,,18.43
4/16/2013,,,,16.72
4/17/2013,,,,18.16
4/18/2013,,,,18.65
4/19/2013,,,,17.92
4/22/2013,,,,17.4
4/23/2013,,,,16.66
4/24/2013,,,,16.71
4/25/2013,,,,16.58
4/26/2013,,,,16.54
4/29/2013,,,,16.57
4/30/2013,,,,16.48
5/1/2013,,,,16.95
5/2/2013,,,,16.55
5/3/2013,,,,16.22
5/6/2013,,,,16.04
5/7/2013,,,,16.12
5/8/2013,,,,16.12
5/9/2013,,,,16.52
5/10/2013,,,,16.55
5/13/2013,,,,16.86
5/14/2013,,,,16.75
5/15/2013,,,,16.93
5/16/2013,,,,17.22
5/17/2013,,,,17.03
5/20/2013,,,,17.14
5/21/2013,,,,17.51
5/22/2013,,,,17.52
5/23/2013,,,,17.72
5/24/2013,,,,17.62
5/28/2013,,,,17.51
5/29/2013,,,,17.71
5/30/2013,,,,17.61
5/31/2013,,,,18.41
6/3/2013,,,,18.45
6/4/2013,,,,18.58
6/5/2013,,,,19.12
6/6/2013,,,,18.8
6/7/2013,,,,18.27
6/10/2013,,,,18.16
6/11/2013,,,,19.12
6/12/2013,,,,19.97
6/13/2013,,,,19.15
6/14/2013,,,,19.46
6/17/2013,,,,19.2
6/18/2013,,,,18.94
6/19/2013,,,,19.02
6/20/2013,,,,20.68
6/21/2013,,,,20.21
6/24/2013,,,,21.32
6/25/2013,,,,20.71
6/26/2013,,,,20.11
6/27/2013,,,,19.98
6/28/2013,,,,19.79
7/1/2013,,,,19.39
7/2/2013,,,,19.39
7/3/2013,,,,19.18
7/5/2013,,,,18.48
7/8/2013,,,,18.04
7/9/2013,,,,17.55
7/10/2013,,,,17.48
7/11/2013,,,,17.29
7/12/2013,,,,17.36
7/15/2013,,,,17.26
7/16/2013,,,,17.58
7/17/2013,,,,17.25
7/18/2013,,,,17.25
7/19/2013,,,,17.09
7/22/2013,,,,16.82
7/23/2013,,,,16.93
7/24/2013,,,,17.23
7/25/2013,,,,17.03
7/26/2013,,,,16.87
7/29/2013,,,,17.21
7/30/2013,,,,17.01
7/31/2013,,,,16.81
8/1/2013,,,,16.4
8/2/2013,,,,16.03
8/5/2013,,,,15.9
8/6/2013,,,,16.45
8/7/2013,,,,16.71
8/8/2013,,,,16.49
8/9/2013,,,,16.75
8/12/2013,,,,16.87
8/13/2013,,,,16.63
8/14/2013,,,,16.94
8/15/2013,,,,17.59
8/16/2013,,,,17.38
8/19/2013,,,,17.68
8/20/2013,,,,17.55
8/21/2013,,,,17.91
8/22/2013,,,,17.35
8/23/2013,,,,17.06
8/26/2013,,,,17.5
8/27/2013,,,,18.69
8/28/2013,,,,18.76
8/29/2013,,,,18.96
8/30/2013,,,,19.18
9/3/2013,,,,18.75
9/4/2013,,,,18.41
9/5/2013,,,,18.38
9/6/2013,,,,18.34
9/9/2013,,,,17.95
9/10/2013,,,,17.42
9/11/2013,,,,16.97
9/12/2013,,,,17.18
9/13/2013,,,,17.13
9/16/2013,,,,16.99
9/17/2013,,,,17.01
9/18/2013,,,,16.62
9/19/2013,,,,16.6
9/20/2013,,,,17.04
9/23/2013,,,,17.28
9/24/2013,,,,17.14
9/25/2013,,,,17.02
9/26/2013,,,,16.9
9/27/2013,,,,17.3
9/30/2013,,,,18.09
10/1/2013,,,,17.37
10/2/2013,,,,17.79
10/3/2013,,,,18.45
10/4/2013,,,,18.08
10/7/2013,,,,19.67
10/8/2013,,,,20.15
10/9/2013,,,,19.97
10/10/2013,,,,18.23
10/11/2013,,,,17.8
10/14/2013,,,,17.9
10/15/2013,,,,19.14
10/16/2013,,,,17.71
10/17/2013,,,,16.91
10/18/2013,,,,16.37
10/21/2013,,,,16.54
10/22/2013,,,,16.61
10/23/2013,,,,16.71
10/24/2013,,,,16.53
10/25/2013,,,,16.5
10/28/2013,,,,16.61
10/29/2013,,,,16.74
10/30/2013,,,,16.83
10/31/2013,,,,16.87
11/1/2013,,,,16.96
11/4/2013,,,,16.76
11/5/2013,,,,16.94
11/6/2013,,,,16.77
11/7/2013,,,,17.27
11/8/2013,,,,16.71
11/11/2013,,,,16.8
11/12/2013,,,,16.97
11/13/2013,,,,17.02
11/14/2013,,,,17.01
11/15/2013,,,,16.91
11/18/2013,,,,17.08
11/19/2013,,,,17.38
11/20/2013,,,,17.21
11/21/2013,,,,16.77
11/22/2013,,,,16.42
11/25/2013,,,,16.62
11/26/2013,,,,16.68
11/27/2013, 16.71, 16.73, 16.56, 16.65
11/29/2013, 16.72, 16.86, 16.61, 16.86
12/02/2013, 17.01, 17.10, 16.89, 17.05
12/03/2013, 17.34, 17.55, 17.23, 17.27
12/04/2013, 17.50, 17.75, 17.07, 17.30
12/05/2013, 17.39, 17.43, 17.14, 17.32
12/06/2013, 16.76, 17.00, 16.54, 16.61
12/09/2013, 16.67, 16.72, 16.58, 16.58
12/10/2013, 16.68, 16.85, 16.60, 16.75
12/11/2013, 16.80, 17.42, 16.80, 17.31
12/12/2013, 17.41, 17.56, 17.18, 17.36
12/13/2013, 17.26, 17.52, 17.22, 17.51
12/16/2013, 17.33, 17.94, 17.14, 17.68
12/17/2013, 17.68, 17.97, 17.57, 17.70
12/18/2013, 17.43, 18.07, 16.61, 16.67
12/19/2013, 16.72, 16.92, 16.53, 16.88
12/20/2013, 16.68, 16.72, 16.50, 16.63
12/23/2013, 16.47, 16.52, 16.35, 16.37
12/24/2013, 16.27, 16.27, 16.12, 16.12
12/26/2013, 16.05, 16.05, 15.83, 16.03
12/27/2013, 15.92, 16.09, 15.91, 16.05
12/30/2013, 16.11, 16.46, 16.08, 16.46
12/31/2013, 16.37, 16.70, 16.31, 16.31
01/02/2014, 16.70, 16.85, 16.63, 16.74
01/03/2014, 16.71, 16.77, 16.55, 16.68
01/06/2014, 16.41, 16.63, 16.36, 16.46
01/07/2014, 15.95, 16.34, 15.89, 15.98
01/08/2014, 16.00, 16.29, 15.91, 15.94
01/09/2014, 16.06, 16.26, 16.05, 16.12
01/10/2014, 15.80, 16.09, 15.70, 15.70
01/13/2014, 15.92, 16.66, 15.82, 16.42
01/14/2014, 16.30, 16.32, 15.99, 16.14
01/15/2014, 16.02, 16.18, 16.00, 16.10
01/16/2014, 16.17, 16.46, 16.15, 16.35
01/17/2014, 16.32, 16.61, 16.19, 16.34
01/21/2014, 16.20, 16.53, 16.19, 16.22
01/22/2014, 16.19, 16.23, 16.08, 16.14
01/23/2014, 16.46, 16.81, 16.31, 16.37
01/24/2014, 16.83, 18.18, 16.83, 18.18
01/27/2014, 17.75, 18.57, 17.67, 18.00
01/28/2014, 18.00, 18.01, 17.28, 17.28
01/29/2014, 18.15, 18.20, 17.64, 18.00
01/30/2014, 17.63, 18.04, 17.39, 18.03
01/31/2014, 18.77, 18.80, 18.13, 18.63
02/03/2014, 18.71, 20.16, 18.64, 20.14
02/04/2014, 19.61, 19.64, 19.10, 19.53
02/05/2014, 19.71, 20.15, 19.49, 20.04
02/06/2014, 19.60, 19.60, 18.68, 18.69
02/07/2014, 18.06, 18.21, 17.50, 17.55
02/10/2014, 17.68, 17.74, 17.42, 17.44
02/11/2014, 17.46, 17.46, 16.84, 17.02
02/12/2014, 16.91, 17.13, 16.75, 16.95
02/13/2014, 17.38, 17.41, 16.79, 16.85
02/14/2014, 16.88, 16.93, 16.47, 16.55
02/18/2014, 16.58, 16.78, 16.47, 16.54
02/19/2014, 16.72, 17.24, 16.48, 17.24
02/20/2014, 17.04, 17.22, 16.74, 16.84
02/21/2014, 16.70, 16.74, 16.36, 16.73
02/24/2014, 16.70, 16.70, 16.26, 16.59
02/25/2014, 16.53, 16.87, 16.42, 16.64
02/26/2014, 16.55, 16.98, 16.45, 16.97
02/27/2014, 16.92, 17.01, 16.64, 16.72
02/28/2014, 16.71, 17.13, 16.38, 16.86
03/03/2014, 17.75, 18.01, 17.36, 17.63
03/04/2014, 16.89, 17.05, 16.71, 16.82
03/05/2014, 16.82, 17.06, 16.71, 16.93
03/06/2014, 16.73, 17.19, 16.66, 16.99
03/07/2014, 16.74, 17.26, 16.74, 17.08
03/10/2014, 17.22, 17.88, 17.05, 17.05
03/11/2014, 17.00, 17.45, 16.88, 17.35
03/12/2014, 17.62, 17.73, 17.13, 17.19
03/13/2014, 17.04, 18.15, 17.03, 18.06
03/14/2014, 18.10, 18.84, 17.70, 18.60
03/17/2014, 18.04, 18.04, 17.43, 17.64
03/18/2014, 17.46, 17.54, 17.08, 17.28
03/19/2014, 17.23, 17.92, 16.94, 17.55
03/20/2014, 17.54, 17.58, 17.00, 17.00
03/21/2014, 16.73, 17.52, 16.68, 17.28
03/24/2014, 17.02, 17.70, 16.96, 17.27
03/25/2014, 16.89, 17.25, 16.84, 16.93
03/26/2014, 16.67, 17.41, 16.58, 17.35
03/27/2014, 17.33, 17.58, 17.05, 17.22
03/28/2014, 16.96, 17.16, 16.67, 16.89
03/31/2014, 16.60, 16.81, 16.42, 16.57
04/01/2014, 16.32, 16.37, 16.07, 16.07
04/02/2014, 16.04, 16.25, 16.00, 16.11
04/03/2014, 16.02, 16.37, 16.01, 16.13
04/04/2014, 15.92, 16.72, 15.87, 16.50
04/07/2014, 16.88, 17.36, 16.67, 17.18
04/08/2014, 17.21, 17.62, 16.80, 16.90
04/09/2014, 16.68, 17.10, 16.29, 16.36
04/10/2014, 16.48, 17.52, 16.24, 17.27
04/11/2014, 17.63, 18.33, 17.22, 17.69
04/14/2014, 17.30, 17.99, 17.30, 17.47
04/15/2014, 17.44, 18.15, 17.21, 17.22
04/16/2014, 16.99, 17.18, 16.77, 16.83
04/17/2014, 16.75, 16.81, 16.44, 16.62
04/21/2014, 16.76, 16.79, 16.37, 16.44
04/22/2014, 16.38, 16.39, 16.18, 16.29
04/23/2014, 16.37, 16.51, 16.33, 16.36
04/24/2014, 16.30, 16.60, 15.98, 16.32
04/25/2014, 16.59, 16.91, 16.57, 16.64
04/28/2014, 16.61, 17.11, 16.42, 16.45
04/29/2014, 16.33, 16.50, 16.22, 16.31
04/30/2014, 16.37, 16.42, 16.09, 16.17
05/01/2014, 16.23, 16.35, 16.00, 16.20
05/02/2014, 16.19, 16.48, 16.05, 16.38
05/05/2014, 16.73, 16.83, 16.29, 16.41
05/06/2014, 16.51, 16.65, 16.40, 16.62
05/07/2014, 16.46, 16.83, 16.22, 16.25
05/08/2014, 16.37, 16.38, 15.94, 16.16
05/09/2014, 16.20, 16.44, 15.93, 15.99
05/12/2014, 15.88, 15.88, 15.60, 15.64
05/13/2014, 15.59, 15.80, 15.56, 15.72
05/14/2014, 15.81, 16.05, 15.74, 15.93
05/15/2014, 16.19, 16.67, 16.17, 16.35
05/16/2014, 16.32, 16.45, 15.85, 15.93
05/19/2014, 16.12, 16.13, 15.69, 15.75
05/20/2014, 15.78, 16.06, 15.70, 15.83
05/21/2014, 15.61, 15.65, 15.42, 15.49
05/22/2014, 15.52, 15.59, 15.35, 15.54
05/23/2014, 15.55, 15.59, 15.41, 15.48
05/27/2014, 15.42, 15.55, 15.39, 15.44
05/28/2014, 15.53, 15.70, 15.48, 15.61
05/29/2014, 15.65, 15.85, 15.44, 15.65
05/30/2014, 15.70, 15.88, 15.62, 15.73
06/02/2014, 15.84, 16.01, 15.67, 15.79
06/03/2014, 15.98, 16.00, 15.67, 15.67
06/04/2014, 15.82, 15.85, 15.56, 15.59
06/05/2014, 15.58, 15.58, 15.18, 15.32
06/06/2014, 15.06, 15.08, 14.76, 14.76
06/09/2014, 14.96, 15.07, 14.81, 14.87
06/10/2014, 15.10, 15.12, 14.90, 14.97
06/11/2014, 15.19, 15.48, 15.06, 15.23
06/12/2014, 15.33, 15.98, 15.33, 15.75
06/13/2014, 15.71, 16.17, 15.50, 15.61
06/16/2014, 15.75, 15.81, 15.53, 15.74
06/17/2014, 15.76, 15.85, 15.45, 15.54
06/18/2014, 15.38, 15.59, 14.83, 14.83
06/19/2014, 14.86, 14.87, 14.70, 14.70
06/20/2014, 14.65, 14.86, 14.63, 14.82
06/23/2014, 14.96, 15.09, 14.88, 14.90
06/24/2014, 14.99, 15.25, 14.74, 15.19
06/25/2014, 15.31, 15.37, 14.90, 14.92
06/26/2014, 14.89, 15.28, 14.84, 14.90
06/27/2014, 14.93, 14.96, 14.67, 14.78
06/30/2014, 14.79, 14.83, 14.64, 14.74
07/01/2014, 14.63, 14.63, 14.34, 14.51
07/02/2014, 14.44, 14.44, 14.11, 14.25
07/03/2014, 14.05, 14.16, 13.94, 14.04
07/07/2014, 14.27, 14.50, 14.27, 14.50
07/08/2014, 14.67, 15.04, 14.67, 14.80
07/09/2014, 14.76, 14.80, 14.50, 14.63
07/10/2014, 15.32, 15.33, 14.78, 15.14
07/11/2014, 15.08, 15.13, 14.81, 14.83
07/14/2014, 14.61, 14.63, 14.45, 14.51
07/15/2014, 14.46, 14.87, 14.44, 14.67
07/16/2014, 14.35, 14.54, 14.28, 14.37
07/17/2014, 14.55, 15.90, 14.36, 15.53
07/18/2014, 15.11, 15.11, 14.60, 14.72
07/21/2014, 14.94, 15.25, 14.91, 15.00
07/22/2014, 14.63, 14.78, 14.50, 14.78
07/23/2014, 14.58, 15.05, 14.55, 14.82
07/24/2014, 14.79, 15.32, 14.79, 14.97
07/25/2014, 15.11, 15.50, 15.11, 15.38
07/28/2014, 15.45, 15.73, 15.33, 15.34
07/29/2014, 15.28, 15.64, 15.17, 15.64
07/30/2014, 15.39, 15.81, 15.34, 15.57
07/31/2014, 16.04, 17.18, 15.97, 17.10
08/01/2014, 17.16, 17.58, 16.62, 17.50
08/04/2014, 17.47, 17.50, 16.73, 16.88
08/05/2014, 17.19, 18.15, 17.11, 18.01
08/06/2014, 18.17, 18.41, 17.40, 17.92
08/07/2014, 17.66, 18.49, 17.54, 18.13
08/08/2014, 18.06, 18.56, 17.56, 17.66
08/11/2014, 17.43, 17.48, 16.96, 17.12
08/12/2014, 17.15, 17.50, 16.91, 17.15
08/13/2014, 16.82, 17.07, 16.46, 16.53
08/14/2014, 16.33, 16.39, 16.08, 16.11
08/15/2014, 15.88, 16.96, 15.83, 16.22
08/18/2014, 15.89, 15.92, 15.64, 15.64
08/19/2014, 15.52, 15.64, 15.50, 15.61
08/20/2014, 15.71, 15.82, 15.52, 15.59
08/21/2014, 15.56, 15.63, 15.27, 15.50
08/22/2014, 15.52, 15.73, 15.26, 15.49
08/25/2014, 15.31, 15.46, 15.16, 15.33
08/26/2014, 15.51, 15.63, 15.33, 15.61
08/27/2014, 15.61, 15.78, 15.59, 15.68
08/28/2014, 16.06, 16.14, 15.83, 15.91
08/29/2014, 15.94, 16.19, 15.93, 15.99
09/02/2014, 16.13, 16.32, 16.10, 16.12
09/03/2014, 16.02, 16.29, 15.93, 16.08
09/04/2014, 16.18, 16.40, 15.79, 16.16
09/05/2014, 16.23, 16.43, 15.87, 15.88
09/08/2014, 16.21, 16.37, 16.13, 16.18
09/09/2014, 16.27, 16.54, 16.10, 16.35
09/10/2014, 16.47, 16.81, 16.27, 16.28
09/11/2014, 16.67, 16.67, 16.25, 16.26
09/12/2014, 16.42, 16.76, 16.41, 16.52
09/15/2014, 16.76, 17.02, 16.75, 16.88
09/16/2014, 17.19, 17.20, 16.35, 16.35
09/17/2014, 16.36, 16.62, 15.86, 16.18
09/18/2014, 16.22, 16.22, 15.98, 15.98
09/19/2014, 15.95, 16.24, 15.86, 16.08
09/22/2014, 16.46, 16.91, 16.42, 16.88
09/23/2014, 17.19, 17.32, 16.76, 17.31
09/24/2014, 17.24, 17.31, 16.74, 16.74
09/25/2014, 17.02, 17.97, 16.99, 17.70
09/26/2014, 17.74, 17.78, 17.14, 17.45
09/29/2014, 18.26, 18.29, 17.66, 18.01
09/30/2014, 17.93, 18.31, 17.83, 18.30
10/01/2014, 18.30, 19.03, 18.27, 18.72
10/02/2014, 18.77, 19.28, 18.31, 18.44
10/03/2014, 18.05, 18.18, 17.57, 17.64
10/06/2014, 17.46, 18.02, 17.38, 17.90
10/07/2014, 18.26, 18.89, 18.15, 18.73
10/08/2014, 18.81, 19.05, 17.73, 17.74
10/09/2014, 18.00, 19.33, 17.84, 19.11
10/10/2014, 19.17, 20.95, 18.88, 20.56
10/13/2014, 20.53, 22.70, 20.26, 22.32
10/14/2014, 21.81, 22.38, 20.87, 21.66
10/15/2014, 23.19, 25.33, 16.38, 23.53
10/16/2014, 24.94, 24.94, 21.76, 22.96
10/17/2014, 21.60, 21.91, 20.94, 21.62
10/20/2014, 21.83, 21.87, 20.60, 20.60
10/21/2014, 20.18, 20.20, 19.28, 19.28
10/22/2014, 19.14, 20.32, 19.14, 20.13
10/23/2014, 19.37, 19.62, 19.14, 19.45
10/24/2014, 19.42, 19.95, 19.18, 19.19
10/27/2014, 19.58, 19.83, 19.15, 19.17
10/28/2014, 18.91, 18.92, 18.23, 18.23
10/29/2014, 18.29, 18.98, 17.83, 18.63
10/30/2014, 18.72, 18.84, 18.20, 18.43
10/31/2014, 17.92, 18.31, 17.88, 18.16
11/03/2014, 18.12, 18.58, 17.92, 18.33
11/04/2014, 18.45, 18.87, 18.35, 18.60
11/05/2014, 18.25, 18.69, 18.25, 18.35
11/06/2014, 18.32, 18.63, 18.00, 18.12
11/07/2014, 18.02, 18.15, 17.68, 17.79
11/10/2014, 17.79, 17.79, 17.29, 17.36
11/11/2014, 17.26, 17.46, 17.25, 17.27
11/12/2014, 17.68, 17.70, 17.47, 17.49
11/13/2014, 17.69, 18.02, 17.48, 17.77
11/14/2014, 17.79, 18.04, 17.68, 17.73
11/17/2014, 17.97, 17.97, 17.73, 17.80
11/18/2014, 17.80, 17.80, 17.28, 17.64
11/19/2014, 17.87, 18.10, 17.84, 17.91
11/20/2014, 18.14, 18.14, 17.87, 17.91
11/21/2014, 17.47, 18.00, 17.43, 17.75
11/24/2014, 17.77, 17.79, 17.47, 17.61
11/25/2014, 17.60, 17.79, 17.46, 17.64
11/26/2014, 17.65, 17.68, 17.40, 17.58
11/28/2014, 17.73, 17.95, 17.57, 17.94
12/01/2014, 18.24, 18.57, 18.12, 18.36
12/02/2014, 18.35, 18.35, 17.81, 17.86
12/03/2014, 17.78, 17.80, 17.40, 17.57
12/04/2014, 17.70, 17.92, 17.33, 17.56
12/05/2014, 17.51, 17.61, 17.26, 17.52
12/08/2014, 17.64, 18.58, 17.47, 18.53
12/09/2014, 19.16, 19.59, 18.35, 18.47
12/10/2014, 18.77, 20.29, 18.72, 20.12
12/11/2014, 19.85, 21.49, 19.22, 21.49
12/12/2014, 21.64, 22.54, 20.23, 21.64
12/15/2014, 21.53, 22.67, 20.85, 22.00
12/16/2014, 22.70, 23.55, 21.57, 23.41
12/17/2014, 23.32, 23.68, 21.13, 21.20
12/18/2014, 20.27, 20.64, 19.50, 19.91
12/19/2014, 19.67, 20.02, 19.42, 19.66
12/22/2014, 19.42, 19.74, 19.09, 19.09
12/23/2014, 18.93, 19.23, 18.91, 19.19
12/24/2014, 19.11, 19.20, 18.94, 19.18
12/26/2014, 19.14, 19.14, 18.82, 18.96
12/29/2014, 19.27, 19.31, 18.74, 18.79
12/30/2014, 19.17, 19.43, 18.86, 19.34
12/31/2014, 19.05, 20.94, 19.03, 20.42
01/02/2015, 20.09, 21.13, 19.77, 20.24
01/05/2015, 20.79, 21.68, 20.79, 21.40
01/06/2015, 21.41, 22.46, 21.11, 21.73
01/07/2015, 21.25, 21.45, 20.76, 20.92
01/08/2015, 20.15, 20.34, 19.45, 19.56
01/09/2015, 19.41, 20.25, 19.41, 20.16
01/12/2015, 20.11, 21.12, 20.10, 20.92
01/13/2015, 20.34, 21.76, 20.09, 21.32
01/14/2015, 22.29, 22.85, 21.47, 21.48
01/15/2015, 21.51, 22.36, 21.32, 22.03
01/16/2015, 22.17, 22.69, 21.43, 21.59
01/20/2015, 21.23, 22.02, 20.99, 21.09
01/21/2015, 21.57, 21.71, 20.68, 20.72
01/22/2015, 20.23, 20.91, 19.36, 19.54
01/23/2015, 19.65, 19.82, 19.29, 19.82
01/26/2015, 19.86, 20.11, 19.36, 19.36
01/27/2015, 20.40, 20.64, 19.81, 20.07
01/28/2015, 19.87, 21.82, 19.60, 21.82
01/29/2015, 21.62, 22.04, 20.64, 20.66
01/30/2015, 21.46, 22.44, 20.99, 21.87
02/02/2015, 21.67, 22.54, 21.17, 21.21
02/03/2015, 20.80, 20.92, 20.29, 20.37
02/04/2015, 20.61, 20.95, 20.17, 20.95
02/05/2015, 20.50, 20.51, 20.23, 20.31
02/06/2015, 20.02, 21.29, 19.89, 20.87
02/09/2015, 21.39, 21.61, 21.13, 21.45
02/10/2015, 21.02, 21.24, 20.68, 20.71
02/11/2015, 20.84, 21.01, 20.53, 20.65
02/12/2015, 20.29, 20.29, 19.62, 19.79
02/13/2015, 19.60, 19.66, 19.38, 19.43
02/17/2015, 19.68, 19.78, 19.43, 19.62
02/18/2015, 19.96, 19.96, 19.55, 19.67
02/19/2015, 19.76, 19.80, 19.52, 19.62
02/20/2015, 19.76, 20.00, 19.01, 19.11
02/23/2015, 19.24, 19.34, 18.96, 19.04
02/24/2015, 18.92, 19.06, 18.24, 18.39
02/25/2015, 18.38, 18.42, 17.78, 18.42
02/26/2015, 18.40, 18.59, 18.13, 18.47
02/27/2015, 18.44, 18.55, 18.21, 18.41
03/02/2015, 18.46, 18.48, 17.74, 18.00
03/03/2015, 18.01, 18.63, 17.97, 18.28
03/04/2015, 18.45, 18.82, 18.35, 18.39
03/05/2015, 18.25, 18.42, 18.12, 18.13
03/06/2015, 18.46, 18.87, 18.27, 18.70
03/09/2015, 18.67, 18.67, 18.40, 18.57
03/10/2015, 19.20, 19.47, 19.08, 19.43
03/11/2015, 19.37, 19.72, 19.23, 19.67
03/12/2015, 19.38, 19.38, 18.67, 18.71
03/13/2015, 18.90, 19.43, 18.74, 19.16
03/16/2015, 18.81, 18.84, 18.44, 18.66
03/17/2015, 18.83, 19.01, 18.68, 18.80
03/18/2015, 18.97, 19.14, 17.64, 17.95
03/19/2015, 18.37, 18.64, 18.25, 18.40
03/20/2015, 18.02, 18.16, 17.75, 18.16
03/23/2015, 18.27, 18.27, 17.93, 18.18
03/24/2015, 18.19, 18.32, 17.95, 18.29
03/25/2015, 18.24, 19.11, 18.13, 19.09
03/26/2015, 19.57, 19.70, 18.80, 18.99
03/27/2015, 18.98, 18.99, 18.73, 18.77
03/30/2015, 18.52, 18.52, 18.16, 18.45
03/31/2015, 18.73, 19.17, 18.50, 19.12
04/01/2015, 19.16, 19.68, 19.09, 19.10
04/02/2015, 19.09, 19.14, 18.68, 18.86
04/06/2015, 19.26, 19.28, 18.41, 18.58
04/07/2015, 18.62, 18.65, 18.38, 18.65
04/08/2015, 18.52, 18.66, 18.27, 18.34
04/09/2015, 18.36, 18.58, 17.82, 17.82
04/10/2015, 17.82, 17.87, 17.47, 17.47
04/13/2015, 17.58, 18.14, 17.45, 18.07
04/14/2015, 18.08, 18.34, 17.90, 17.93
04/15/2015, 17.86, 17.86, 17.49, 17.53
04/16/2015, 17.69, 17.80, 17.41, 17.47
04/17/2015, 18.08, 18.67, 18.05, 18.06
04/20/2015, 17.91, 17.92, 17.62, 17.73
04/21/2015, 17.49, 17.78, 17.44, 17.73
04/22/2015, 17.62, 17.94, 17.41, 17.48
04/23/2015, 17.62, 17.64, 17.30, 17.46
04/24/2015, 17.35, 17.53, 17.33, 17.43
04/27/2015, 17.43, 17.90, 17.42, 17.83
04/28/2015, 17.86, 18.28, 17.40, 17.40
04/29/2015, 17.82, 18.10, 17.45, 17.78
04/30/2015, 18.07, 18.69, 17.78, 18.30
05/01/2015, 17.99, 18.07, 17.48, 17.52
05/04/2015, 17.50, 17.62, 17.30, 17.55
05/05/2015, 17.69, 18.22, 17.57, 18.15
05/06/2015, 17.95, 18.97, 17.90, 18.48
05/07/2015, 18.57, 18.70, 18.23, 18.37
05/08/2015, 17.62, 17.68, 17.44, 17.58
05/11/2015, 17.67, 17.98, 17.55, 17.98
05/12/2015, 18.27, 18.45, 17.89, 18.01
05/13/2015, 17.81, 17.98, 17.67, 17.89
05/14/2015, 17.72, 17.72, 17.46, 17.58
05/15/2015, 17.37, 17.65, 17.33, 17.41
05/18/2015, 17.45, 17.51, 17.15, 17.21
05/19/2015, 17.13, 17.29, 16.96, 17.05
05/20/2015, 16.97, 17.39, 16.81, 16.99
05/21/2015, 17.01, 17.09, 16.58, 16.65
05/22/2015, 16.66, 16.74, 16.55, 16.72
05/26/2015, 17.01, 17.53, 17.01, 17.35
05/27/2015, 17.28, 17.41, 16.85, 16.92
05/28/2015, 17.03, 17.32, 17.03, 17.03
05/29/2015, 17.08, 17.48, 17.07, 17.33
06/01/2015, 17.21, 17.63, 17.13, 17.31
06/02/2015, 17.49, 17.89, 17.19, 17.49
06/03/2015, 17.23, 17.60, 17.14, 17.27
06/04/2015, 17.56, 18.09, 17.49, 17.85
06/05/2015, 17.90, 18.18, 17.73, 17.75
06/08/2015, 17.85, 18.21, 17.83, 18.16
06/09/2015, 18.13, 18.47, 17.92, 17.96
06/10/2015, 17.67, 17.82, 16.98, 17.04
06/11/2015, 17.05, 17.06, 16.71, 16.82
06/12/2015, 17.17, 17.37, 17.10, 17.15
06/15/2015, 17.87, 18.17, 17.59, 18.02
06/16/2015, 18.02, 18.05, 17.69, 17.79
06/17/2015, 17.65, 18.51, 17.46, 17.72
06/18/2015, 17.37, 17.48, 16.92, 17.19
06/19/2015, 17.27, 17.64, 17.27, 17.61
06/22/2015, 17.11, 17.34, 16.82, 16.89
06/23/2015, 16.66, 16.83, 16.51, 16.51
06/24/2015, 16.58, 16.91, 16.40, 16.91
06/25/2015, 16.65, 16.99, 16.63, 16.97
06/26/2015, 16.99, 17.27, 16.86, 16.86
06/29/2015, 17.82, 19.22, 17.62, 19.08
06/30/2015, 18.35, 19.43, 18.35, 18.95
07/01/2015, 17.99, 18.40, 17.74, 17.75
07/02/2015, 17.57, 18.74, 17.41, 18.34
07/06/2015, 18.99, 19.21, 18.24, 18.51
07/07/2015, 18.57, 19.48, 17.75, 17.84
07/08/2015, 18.56, 19.50, 18.41, 19.39
07/09/2015, 18.54, 19.75, 18.31, 19.75
07/10/2015, 18.89, 19.23, 18.53, 18.62
07/13/2015, 17.71, 17.71, 17.01, 17.01
07/14/2015, 17.00, 17.04, 16.55, 16.83
07/15/2015, 16.90, 17.14, 16.57, 16.84
07/16/2015, 16.74, 16.74, 16.26, 16.38
07/17/2015, 16.22, 16.27, 16.10, 16.13
07/20/2015, 16.25, 16.33, 16.04, 16.25
07/21/2015, 16.30, 16.62, 16.17, 16.40
07/22/2015, 16.65, 16.79, 16.31, 16.36
07/23/2015, 16.37, 16.84, 16.20, 16.59
07/24/2015, 16.71, 17.73, 16.67, 17.12
07/27/2015, 17.72, 18.13, 17.53, 17.78
07/28/2015, 17.41, 17.80, 16.74, 16.80
07/29/2015, 16.88, 17.32, 16.18, 16.52
07/30/2015, 16.89, 16.94, 16.37, 16.37
07/31/2015, 16.45, 16.76, 16.31, 16.45
08/03/2015, 16.60, 16.91, 16.37, 16.37
08/04/2015, 16.64, 16.66, 16.33, 16.61
08/05/2015, 16.34, 16.46, 16.11, 16.46
08/06/2015, 16.44, 17.23, 16.40, 16.90
08/07/2015, 17.05, 17.20, 16.79, 16.79
08/10/2015, 16.53, 16.57, 16.27, 16.49
08/11/2015, 17.05, 17.39, 16.86, 17.15
08/12/2015, 18.03, 18.31, 17.08, 17.14
08/13/2015, 17.19, 17.35, 16.83, 17.09
08/14/2015, 17.15, 17.15, 16.95, 16.96
08/17/2015, 17.39, 17.52, 16.69, 16.71
08/18/2015, 16.89, 17.06, 16.76, 17.03
08/19/2015, 17.49, 17.82, 16.83, 17.56
08/20/2015, 18.23, 19.14, 17.81, 19.10
08/21/2015, 20.04, 23.28, 19.43, 22.33
08/24/2015, 22.33, 33.95, 22.33, 27.36
08/25/2015, 23.91, 28.10, 23.39, 26.89
08/26/2015, 24.97, 27.01, 23.87, 24.37
08/27/2015, 23.25, 25.03, 21.94, 23.38
08/28/2015, 23.96, 25.45, 23.34, 24.00
08/31/2015, 24.65, 25.47, 24.47, 25.45
09/01/2015, 26.98, 28.38, 26.36, 27.39
09/02/2015, 26.66, 27.36, 24.99, 25.31
09/03/2015, 24.93, 25.82, 24.04, 25.44
09/04/2015, 26.54, 27.53, 25.79, 26.25
09/08/2015, 25.95, 26.00, 24.96, 25.02
09/09/2015, 24.43, 26.37, 23.84, 26.04
09/10/2015, 26.37, 26.37, 24.60, 24.71
09/11/2015, 25.09, 26.00, 24.74, 24.87
09/14/2015, 24.41, 24.75, 24.22, 24.27
09/15/2015, 24.22, 24.28, 22.74, 22.84
09/16/2015, 22.40, 22.52, 21.57, 21.57
09/17/2015, 21.99, 22.09, 19.87, 21.44
09/18/2015, 23.03, 23.44, 22.14, 22.90
09/21/2015, 22.78, 22.97, 21.85, 21.85
09/22/2015, 23.20, 23.92, 22.86, 23.14
09/23/2015, 23.03, 23.25, 22.56, 22.79
09/24/2015, 23.97, 24.75, 22.90, 23.20
09/25/2015, 22.49, 24.09, 22.35, 23.55
09/28/2015, 24.45, 25.86, 24.34, 25.33
09/29/2015, 25.07, 25.70, 24.60, 24.96
09/30/2015, 24.10, 24.68, 23.51, 24.09
10/01/2015, 23.85, 24.58, 23.60, 23.60
10/02/2015, 24.39, 24.76, 22.85, 23.05
10/05/2015, 22.46, 22.46, 21.52, 21.99
10/06/2015, 21.88, 22.18, 21.48, 22.06
10/07/2015, 21.78, 22.20, 21.39, 21.41
10/08/2015, 21.45, 21.86, 20.41, 21.08
10/09/2015, 20.75, 21.06, 20.15, 20.52
10/12/2015, 21.02, 21.12, 20.09, 20.10
10/13/2015, 20.66, 21.14, 20.06, 21.10
10/14/2015, 21.16, 21.67, 20.92, 21.34
10/15/2015, 21.13, 21.22, 19.86, 19.86
10/16/2015, 20.05, 20.57, 19.55, 19.94
10/19/2015, 20.21, 20.31, 19.37, 19.40
10/20/2015, 19.66, 20.18, 19.37, 19.89
10/21/2015, 19.82, 20.89, 19.59, 20.86
10/22/2015, 19.93, 20.28, 19.10, 19.10
10/23/2015, 19.04, 19.38, 18.76, 19.21
10/26/2015, 19.53, 19.96, 19.39, 19.76
10/27/2015, 20.09, 20.27, 19.68, 19.68
10/28/2015, 19.65, 20.33, 19.20, 19.23
10/29/2015, 19.53, 19.75, 18.83, 19.53
10/30/2015, 19.50, 19.96, 19.44, 19.84
11/02/2015, 19.70, 19.83, 18.24, 19.18
11/03/2015, 19.04, 19.36, 18.89, 19.19
11/04/2015, 18.99, 19.68, 18.24, 19.66
11/05/2015, 19.75, 20.46, 19.48, 19.48
11/06/2015, 19.54, 19.94, 18.93, 19.13
11/09/2015, 19.53, 20.27, 19.50, 19.98
11/10/2015, 20.14, 20.26, 19.05, 19.68
11/11/2015, 19.57, 19.88, 19.39, 19.73
11/12/2015, 20.56, 21.25, 19.96, 21.00
11/13/2015, 21.09, 22.53, 20.99, 22.30
11/16/2015, 22.04, 22.11, 20.31, 21.05
11/17/2015, 20.54, 21.40, 20.23, 21.01
11/18/2015, 20.89, 21.16, 20.04, 20.17
11/19/2015, 20.15, 21.12, 20.10, 20.65
11/20/2015, 20.25, 21.28, 19.72, 20.77
11/23/2015, 20.41, 20.59, 20.03, 20.11
11/24/2015, 20.53, 20.81, 19.77, 20.30
11/25/2015, 20.16, 20.48, 19.59, 19.93
11/27/2015, 20.11, 20.23, 19.51, 19.51
11/30/2015, 20.13, 20.37, 20.00, 20.11
12/01/2015, 20.20, 20.46, 19.62, 19.79
12/02/2015, 19.54, 20.26, 19.35, 19.97
12/03/2015, 20.17, 21.83, 19.94, 21.28
12/04/2015, 20.77, 20.77, 19.55, 19.65
12/07/2015, 20.15, 20.87, 19.88, 19.95
12/08/2015, 21.10, 21.22, 20.31, 20.80
12/09/2015, 21.21, 22.19, 20.25, 21.56
12/10/2015, 21.39, 21.86, 21.05, 21.74
12/11/2015, 22.61, 24.94, 22.46, 24.59
12/14/2015, 24.15, 25.57, 23.17, 23.40
12/15/2015, 22.37, 22.76, 21.77, 22.45
12/16/2015, 21.60, 22.72, 20.22, 20.73
12/17/2015, 20.21, 21.73, 20.19, 21.47
12/18/2015, 21.94, 22.98, 20.90, 22.51
12/21/2015, 22.27, 22.80, 21.34, 21.87
12/22/2015, 21.44, 22.25, 20.98, 20.98
12/23/2015, 20.32, 21.18, 19.78, 20.61
12/24/2015, 20.59, 20.80, 19.72, 20.75
12/28/2015, 21.16, 21.56, 20.65, 20.65
12/29/2015, 20.24, 20.39, 20.13, 20.23
12/30/2015, 19.99, 20.51, 19.99, 20.38
12/31/2015, 20.94, 21.27, 20.54, 20.59
01/04/2016, 22.69, 23.39, 22.13, 22.13
01/05/2016, 22.19, 22.31, 21.12, 21.21
01/06/2016, 22.84, 22.88, 21.98, 22.14
01/07/2016, 23.52, 24.80, 22.92, 24.20
01/08/2016, 23.44, 25.52, 23.19, 25.49
01/11/2016, 24.50, 26.06, 23.39, 24.53
01/12/2016, 23.64, 24.66, 22.90, 23.40
01/13/2016, 22.94, 25.69, 22.64, 24.82
01/14/2016, 24.79, 26.05, 23.31, 24.09
01/15/2016, 26.39, 28.11, 24.84, 26.19
01/19/2016, 24.66, 26.82, 24.66, 25.64
01/20/2016, 26.74, 29.56, 25.89, 26.80
01/21/2016, 26.61, 27.34, 25.71, 26.54
01/22/2016, 25.07, 25.83, 24.25, 24.58
01/25/2016, 24.65, 26.54, 24.39, 25.45
01/26/2016, 24.88, 25.69, 24.10, 24.34
01/27/2016, 24.42, 25.87, 23.29, 25.05
01/28/2016, 24.03, 25.58, 23.73, 24.61
01/29/2016, 24.02, 24.42, 22.77, 22.82
02/01/2016, 23.11, 23.33, 22.16, 22.42
02/02/2016, 23.71, 24.03, 23.15, 23.71
02/03/2016, 23.78, 25.57, 23.28, 23.64
02/04/2016, 24.48, 24.74, 23.54, 24.18
02/05/2016, 23.99, 25.94, 23.99, 25.03
02/08/2016, 26.30, 27.31, 25.94, 26.29
02/09/2016, 27.37, 27.62, 26.04, 26.65
02/10/2016, 26.14, 26.87, 25.41, 26.65
02/11/2016, 28.15, 28.77, 27.17, 27.85
02/12/2016, 27.26, 27.95, 26.63, 26.96
02/16/2016, 26.20, 26.58, 25.15, 25.97
02/17/2016, 25.26, 25.52, 24.19, 24.77
02/18/2016, 24.66, 24.91, 23.88, 24.46
02/19/2016, 24.82, 25.12, 23.33, 24.11
02/22/2016, 23.40, 23.52, 22.65, 23.25
02/23/2016, 23.16, 24.06, 22.70, 24.01
02/24/2016, 24.57, 25.07, 23.13, 23.62
02/25/2016, 23.40, 23.96, 22.33, 22.84
02/26/2016, 22.45, 23.32, 21.62, 23.11
02/29/2016, 23.25, 23.62, 22.42, 23.57
03/01/2016, 22.86, 23.35, 21.76, 21.99
03/02/2016, 21.97, 22.30, 21.33, 21.50
03/03/2016, 21.65, 22.06, 20.75, 21.11
03/04/2016, 20.94, 21.44, 20.30, 21.17
03/07/2016, 21.55, 21.84, 21.00, 21.54
03/08/2016, 21.96, 22.62, 21.60, 22.45
03/09/2016, 22.25, 22.61, 21.74, 22.17
03/10/2016, 22.12, 23.01, 21.48, 22.08
03/11/2016, 21.52, 21.74, 20.62, 21.30
03/14/2016, 21.41, 21.69, 20.26, 21.06
03/15/2016, 21.44, 21.63, 20.66, 20.91
03/16/2016, 20.78, 21.08, 19.73, 20.19
03/17/2016, 20.24, 20.42, 19.18, 19.83
03/18/2016, 19.49, 19.84, 19.20, 19.78
03/21/2016, 19.94, 20.17, 19.49, 19.49
03/22/2016, 19.85, 20.12, 19.51, 19.59
03/23/2016, 19.85, 20.17, 19.67, 20.13
03/24/2016, 20.76, 20.88, 20.04, 20.06
03/28/2016, 20.21, 20.59, 19.83, 20.06
03/29/2016, 20.24, 20.39, 19.08, 19.18
03/30/2016, 18.96, 19.07, 18.56, 18.93
03/31/2016, 19.00, 19.21, 18.82, 19.03
04/01/2016, 19.64, 19.82, 18.48, 18.58
04/04/2016, 18.84, 19.20, 18.60, 19.14
04/05/2016, 19.71, 20.15, 19.49, 20.06
04/06/2016, 20.05, 20.22, 19.09, 19.25
04/07/2016, 19.76, 20.94, 19.60, 20.61
04/08/2016, 20.21, 20.55, 19.92, 20.26
04/11/2016, 20.08, 20.75, 19.90, 20.74
04/12/2016, 20.54, 20.86, 19.88, 19.94
04/13/2016, 19.67, 19.70, 18.78, 19.39
04/14/2016, 19.41, 19.55, 18.84, 19.40
04/15/2016, 19.42, 19.64, 18.86, 19.30
04/18/2016, 19.72, 19.73, 18.68, 18.75
04/19/2016, 18.61, 18.85, 18.29, 18.59
04/20/2016, 18.31, 18.78, 17.90, 18.74
04/21/2016, 18.86, 19.33, 18.81, 19.28
04/22/2016, 19.33, 19.41, 18.97, 19.02
04/25/2016, 19.44, 19.68, 19.31, 19.31
04/26/2016, 19.29, 19.38, 19.00, 19.11
04/27/2016, 19.44, 19.61, 18.67, 19.01
04/28/2016, 19.42, 19.92, 18.76, 19.75
04/29/2016, 20.06, 20.88, 19.48, 20.28
05/02/2016, 20.28, 20.39, 19.73, 19.82
05/03/2016, 20.38, 20.76, 20.20, 20.47
05/04/2016, 20.95, 21.14, 20.56, 20.76
05/05/2016, 20.60, 21.09, 20.50, 20.83
05/06/2016, 21.03, 21.03, 20.38, 20.40
05/09/2016, 20.55, 20.55, 19.95, 20.18
05/10/2016, 19.89, 19.92, 19.53, 19.53
05/11/2016, 19.63, 20.11, 19.47, 20.11
05/12/2016, 19.81, 20.38, 19.71, 19.90
05/13/2016, 20.01, 20.45, 19.64, 20.25
05/16/2016, 20.38, 20.38, 19.72, 19.87
05/17/2016, 20.01, 20.70, 19.91, 20.41
05/18/2016, 20.49, 20.77, 19.98, 20.47
05/19/2016, 20.80, 21.44, 20.65, 20.75
05/20/2016, 20.53, 20.53, 20.24, 20.32
05/23/2016, 20.52, 20.56, 20.09, 20.35
05/24/2016, 20.07, 20.07, 19.37, 19.37
05/25/2016, 19.32, 19.32, 18.98, 19.09
05/26/2016, 19.08, 19.19, 18.93, 18.94
05/27/2016, 18.95, 19.01, 18.69, 18.72
05/31/2016, 18.86, 19.43, 18.83, 19.03
06/01/2016, 19.36, 19.49, 18.97, 18.98
06/02/2016, 19.14, 19.36, 18.77, 18.77
06/03/2016, 19.07, 19.62, 18.88, 19.01
06/06/2016, 19.01, 19.19, 18.81, 18.87
06/07/2016, 18.84, 19.05, 18.71, 19.03
06/08/2016, 19.00, 19.17, 18.83, 19.04
06/09/2016, 19.36, 19.58, 19.32, 19.53
06/10/2016, 20.21, 20.85, 20.16, 20.74
06/13/2016, 21.52, 22.94, 21.18, 22.94
06/14/2016, 23.42, 23.68, 22.57, 22.62
06/15/2016, 22.45, 22.50, 21.67, 22.32
06/16/2016, 23.00, 23.68, 21.62, 21.80
06/17/2016, 21.95, 22.09, 21.60, 22.08
06/20/2016, 20.78, 20.98, 20.41, 20.87
06/21/2016, 20.62, 20.99, 20.53, 20.76
06/22/2016, 20.80, 21.41, 20.41, 21.39
06/23/2016, 20.35, 20.38, 19.53, 19.53
06/24/2016, 22.76, 23.57, 20.98, 23.55
06/27/2016, 23.44, 24.46, 23.19, 23.74
06/28/2016, 22.31, 22.43, 21.22, 21.23
06/29/2016, 20.62, 20.79, 20.19, 20.19
06/30/2016, 20.15, 20.42, 19.78, 19.79
07/01/2016, 19.71, 19.87, 19.27, 19.55
07/05/2016, 20.05, 20.53, 19.99, 19.99
07/06/2016, 20.42, 20.64, 19.77, 19.77
07/07/2016, 19.59, 20.18, 19.36, 19.60
07/08/2016, 19.14, 19.21, 18.69, 18.76
07/11/2016, 18.53, 18.64, 18.29, 18.60
07/12/2016, 18.27, 18.56, 18.15, 18.27
07/13/2016, 18.16, 18.37, 17.99, 18.07
07/14/2016, 17.87, 18.16, 17.70, 18.03
07/15/2016, 17.95, 18.54, 17.95, 18.15
07/18/2016, 18.17, 18.21, 17.86, 17.99
07/19/2016, 18.02, 18.15, 17.88, 17.92
07/20/2016, 17.82, 17.99, 17.40, 17.86
07/21/2016, 17.96, 18.65, 17.95, 18.45
07/22/2016, 18.39, 18.54, 18.13, 18.20
07/25/2016, 18.26, 18.72, 18.17, 18.44
07/26/2016, 18.54, 18.70, 18.26, 18.43
07/27/2016, 18.31, 18.98, 18.23, 18.39
07/28/2016, 18.69, 18.87, 18.24, 18.32
07/29/2016, 18.36, 18.49, 17.85, 17.88
08/01/2016, 18.03, 18.27, 17.89, 18.08
08/02/2016, 18.33, 19.04, 18.21, 18.64
08/03/2016, 18.69, 18.82, 18.30, 18.36
08/04/2016, 18.24, 18.39, 17.97, 18.01
08/05/2016, 17.74, 17.75, 17.52, 17.59
08/08/2016, 17.62, 17.63, 17.41, 17.53
08/09/2016, 17.39, 17.53, 17.04, 17.40
08/10/2016, 17.34, 17.80, 17.30, 17.58
08/11/2016, 17.48, 17.59, 17.34, 17.56
08/12/2016, 17.70, 17.71, 17.27, 17.62
08/15/2016, 17.61, 17.74, 17.44, 17.73
08/16/2016, 17.92, 18.24, 17.92, 18.18
08/17/2016, 18.22, 18.66, 17.66, 17.89
08/18/2016, 17.92, 17.99, 17.64, 17.70
08/19/2016, 17.91, 18.07, 17.70, 17.71
08/22/2016, 18.09, 18.17, 17.89, 17.90
08/23/2016, 17.76, 17.94, 17.60, 17.93
08/24/2016, 18.05, 18.48, 18.02, 18.27
08/25/2016, 18.47, 18.54, 18.16, 18.28
08/26/2016, 18.25, 18.89, 17.86, 18.42
08/29/2016, 18.45, 18.47, 18.16, 18.18
08/30/2016, 18.13, 18.47, 18.13, 18.29
08/31/2016, 18.37, 18.86, 18.37, 18.50
09/01/2016, 18.52, 19.00, 18.47, 18.56
09/02/2016, 18.14, 18.42, 18.08, 18.19
09/06/2016, 18.25, 18.54, 18.00, 18.03
09/07/2016, 18.15, 18.49, 18.00, 18.01
09/08/2016, 18.18, 18.57, 18.09, 18.31
09/09/2016, 18.83, 20.34, 18.81, 20.30
09/12/2016, 20.49, 20.98, 18.97, 19.12
09/13/2016, 19.86, 20.93, 19.72, 20.32
09/14/2016, 20.56, 20.75, 19.82, 20.75
09/15/2016, 20.55, 20.96, 19.65, 19.93
09/16/2016, 20.29, 20.61, 19.52, 19.58
09/19/2016, 19.37, 19.81, 19.11, 19.51
09/20/2016, 19.18, 19.78, 19.18, 19.65
09/21/2016, 19.28, 19.68, 18.35, 18.72
09/22/2016, 18.21, 18.39, 17.64, 18.20
09/23/2016, 18.24, 18.35, 17.99, 18.27
09/26/2016, 18.86, 19.19, 18.60, 18.99
09/27/2016, 19.12, 19.17, 18.28, 18.38
09/28/2016, 18.31, 18.64, 17.93, 18.13
09/29/2016, 18.20, 19.40, 17.76, 18.87
09/30/2016, 18.41, 18.79, 18.15, 18.44
10/03/2016, 18.62, 18.79, 18.26, 18.30
10/04/2016, 18.16, 18.72, 17.98, 18.33
10/05/2016, 18.15, 18.17, 17.70, 18.16
10/06/2016, 18.25, 18.40, 18.03, 18.06
10/07/2016, 18.01, 18.58, 17.87, 18.37
10/10/2016, 18.16, 18.19, 18.01, 18.05
10/11/2016, 18.26, 19.16, 18.26, 18.76
10/12/2016, 18.84, 19.04, 18.26, 18.91
10/13/2016, 19.49, 19.96, 19.06, 19.27
10/14/2016, 18.86, 19.23, 18.71, 19.14
10/17/2016, 19.18, 19.37, 19.12, 19.18
10/18/2016, 18.84, 19.00, 18.76, 18.86
10/19/2016, 18.54, 18.76, 18.12, 18.52
10/20/2016, 18.59, 18.73, 18.36, 18.37
10/21/2016, 18.61, 18.68, 18.24, 18.24
10/24/2016, 17.98, 18.15, 17.90, 17.98
10/25/2016, 18.03, 18.21, 17.84, 18.05
10/26/2016, 18.37, 18.50, 18.10, 18.35
10/27/2016, 18.11, 18.86, 18.11, 18.81
10/28/2016, 18.73, 19.36, 18.46, 19.03
10/31/2016, 19.09, 19.51, 19.09, 19.23
11/01/2016, 19.34, 20.60, 19.30, 19.88
11/02/2016, 20.01, 20.32, 19.86, 20.11
11/03/2016, 20.09, 21.14, 20.02, 21.00
11/04/2016, 20.90, 21.53, 20.78, 21.44
11/07/2016, 20.06, 20.22, 19.24, 19.24
11/08/2016, 19.47, 19.75, 18.95, 19.26
11/09/2016, 19.02, 19.16, 18.00, 18.09
11/10/2016, 17.81, 19.02, 17.57, 18.56
11/11/2016, 18.90, 19.22, 18.43, 18.45
11/14/2016, 18.61, 19.20, 18.58, 18.62
11/15/2016, 18.57, 18.62, 18.02, 18.03
11/16/2016, 18.48, 18.71, 18.12, 18.27
11/17/2016, 18.18, 18.19, 17.93, 17.96
11/18/2016, 18.00, 18.23, 17.93, 18.02
11/21/2016, 18.03, 18.11, 17.69, 17.82
11/22/2016, 17.71, 18.07, 17.69, 17.81
11/23/2016, 17.96, 18.15, 17.82, 17.86
11/25/2016, 17.91, 18.03, 17.90, 17.93
11/28/2016, 18.23, 18.32, 18.06, 18.20
11/29/2016, 18.21, 18.32, 18.01, 18.14
11/30/2016, 17.97, 18.26, 17.83, 18.25
12/01/2016, 18.19, 18.89, 18.18, 18.64
12/02/2016, 18.75, 18.82, 18.32, 18.75
12/05/2016, 18.43, 18.48, 18.02, 18.02
12/06/2016, 17.94, 18.06, 17.74, 17.84
12/07/2016, 17.86, 17.89, 17.43, 17.75
12/08/2016, 17.78, 18.25, 17.33, 17.95
12/09/2016, 18.06, 18.08, 17.50, 17.66
12/12/2016, 17.80, 18.01, 17.76, 17.85
12/13/2016, 17.77, 18.13, 17.75, 17.82
12/14/2016, 17.98, 18.09, 17.64, 17.91
12/15/2016, 17.83, 18.08, 17.69, 17.90
12/16/2016, 17.85, 17.99, 17.67, 17.77
12/19/2016, 17.74, 17.83, 17.49, 17.57
12/20/2016, 17.49, 17.63, 17.47, 17.52
12/21/2016, 17.36, 17.57, 17.36, 17.52
12/22/2016, 17.50, 17.78, 17.50, 17.69
12/23/2016, 17.77, 17.84, 17.62, 17.63
12/27/2016, 17.75, 17.82, 17.54, 17.64
12/28/2016, 17.56, 18.07, 17.56, 18.04
12/29/2016, 18.01, 18.35, 17.99, 18.22
12/30/2016, 18.16, 18.81, 18.12, 18.57
01/03/2017, 18.26, 18.29, 17.77, 17.77
01/04/2017, 17.66, 17.66, 17.00, 17.16
01/05/2017, 17.23, 17.33, 16.97, 17.03
01/06/2017, 16.91, 17.08, 16.64, 16.92
01/09/2017, 17.15, 17.27, 16.98, 17.04
01/10/2017, 17.03, 17.26, 16.87, 17.09
01/11/2017, 17.15, 17.47, 16.94, 16.97
01/12/2017, 17.19, 17.69, 16.99, 17.13
01/13/2017, 17.09, 17.32, 16.84, 17.16
01/17/2017, 17.59, 17.68, 17.44, 17.45
01/18/2017, 17.51, 17.66, 17.34, 17.41
01/19/2017, 17.29, 17.69, 17.29, 17.38
01/20/2017, 17.27, 17.32, 17.03, 17.07
01/23/2017, 17.19, 17.42, 16.94, 16.94
01/24/2017, 16.89, 16.93, 16.24, 16.25
01/25/2017, 16.25, 16.25, 15.85, 15.95
01/26/2017, 16.02, 16.14, 15.97, 16.07
01/27/2017, 16.11, 16.26, 16.06, 16.21
01/30/2017, 16.63, 17.23, 16.41, 16.63
01/31/2017, 16.86, 17.08, 16.67, 16.70
02/01/2017, 16.49, 16.74, 16.42, 16.53
02/02/2017, 16.70, 16.78, 16.51, 16.65
02/03/2017, 16.35, 16.46, 16.15, 16.27
02/06/2017, 16.50, 16.51, 16.26, 16.41
02/07/2017, 16.34, 16.47, 16.27, 16.44
02/08/2017, 16.56, 16.70, 16.50, 16.60
02/09/2017, 16.52, 16.52, 16.28, 16.35
02/10/2017, 16.30, 16.31, 16.02, 16.17
02/13/2017, 16.16, 16.18, 15.90, 15.91
02/14/2017, 16.01, 16.01, 15.44, 15.44
02/15/2017, 15.68, 15.68, 15.11, 15.43
02/16/2017, 15.55, 16.23, 15.52, 15.68
02/17/2017, 15.87, 15.97, 15.52, 15.79
02/21/2017, 15.75, 16.00, 15.51, 15.99
02/22/2017, 16.04, 16.37, 15.85, 16.25
02/23/2017, 16.21, 16.71, 16.18, 16.54
02/24/2017, 16.97, 17.10, 16.56, 16.68
02/27/2017, 16.69, 16.79, 16.30, 16.62
02/28/2017, 16.67, 17.08, 16.33, 16.95
03/01/2017, 16.37, 16.62, 16.01, 16.62
03/02/2017, 16.66, 16.72, 16.43, 16.63
03/03/2017, 16.56, 16.56, 16.06, 16.25
03/06/2017, 16.39, 16.52, 16.01, 16.32
03/07/2017, 16.32, 16.44, 15.89, 16.38
03/08/2017, 16.25, 16.41, 16.14, 16.41
03/09/2017, 16.45, 16.81, 16.32, 16.62
03/10/2017, 16.38, 16.60, 16.30, 16.33
03/13/2017, 16.37, 16.43, 16.27, 16.27
03/14/2017, 16.40, 16.58, 16.35, 16.40
03/15/2017, 16.27, 16.35, 15.25, 16.13
03/16/2017, 15.96, 16.08, 15.65, 15.78
03/17/2017, 15.70, 15.87, 15.34, 15.85
03/20/2017, 15.87, 15.96, 15.73, 15.86
03/21/2017, 15.60, 16.52, 15.60, 16.43
03/22/2017, 16.49, 16.70, 16.21, 16.40
03/23/2017, 16.45, 16.61, 16.05, 16.52
03/24/2017, 16.33, 16.91, 15.49, 16.28
03/27/2017, 16.95, 16.99, 15.92, 15.99
03/28/2017, 15.93, 15.95, 15.23, 15.40
03/29/2017, 15.37, 15.42, 14.56, 15.19
03/30/2017, 15.20, 15.28, 15.03, 15.09
03/31/2017, 15.15, 15.28, 14.97, 15.25
04/03/2017, 15.30, 15.68, 15.12, 15.27
04/04/2017, 15.34, 15.41, 14.92, 14.94
04/05/2017, 14.77, 15.48, 14.71, 15.45
04/06/2017, 15.28, 15.34, 14.93, 15.13
04/07/2017, 15.26, 15.53, 15.14, 15.44
04/10/2017, 15.60, 15.85, 15.47, 15.83
04/11/2017, 16.06, 16.52, 15.98, 16.19
04/12/2017, 16.34, 16.45, 16.14, 16.29
04/13/2017, 16.39, 16.60, 15.99, 16.57
04/17/2017, 16.51, 16.51, 16.04, 16.06
04/18/2017, 16.28, 16.48, 15.99, 16.02
04/19/2017, 15.81, 16.32, 15.48, 16.21
04/20/2017, 16.04, 16.13, 15.70, 15.76
04/21/2017, 15.68, 16.25, 15.68, 15.93
04/24/2017, 14.93, 15.10, 14.71, 14.72
04/25/2017, 14.49, 14.65, 14.46, 14.62
04/26/2017, 14.62, 14.83, 14.60, 14.77
04/27/2017, 14.64, 14.89, 14.62, 14.70
04/28/2017, 14.67, 14.85, 14.67, 14.74
05/01/2017, 14.73, 14.78, 14.41, 14.48
05/02/2017, 14.49, 14.70, 14.49, 14.66
05/03/2017, 14.76, 14.98, 14.75, 14.87
05/04/2017, 14.77, 15.06, 14.66, 14.71
05/05/2017, 14.60, 14.76, 14.60, 14.65
05/08/2017, 14.63, 14.73, 14.58, 14.64
05/09/2017, 14.59, 14.81, 14.58, 14.72
05/10/2017, 14.74, 14.89, 14.71, 14.88
05/11/2017, 14.96, 15.33, 14.96, 14.99
05/12/2017, 14.97, 15.18, 14.95, 15.10
05/15/2017, 15.06, 15.07, 14.92, 14.97
05/16/2017, 14.86, 15.06, 14.86, 14.97
05/17/2017, 15.58, 16.83, 15.45, 16.80
05/18/2017, 16.77, 16.80, 16.17, 16.42
05/19/2017, 15.93, 15.94, 15.41, 15.57
05/22/2017, 15.41, 15.48, 15.21, 15.25
05/23/2017, 15.12, 15.28, 15.11, 15.16
05/24/2017, 15.10, 15.28, 14.84, 14.90
05/25/2017, 14.85, 14.99, 14.73, 14.82
05/26/2017, 14.86, 14.90, 14.74, 14.84
05/30/2017, 15.12, 15.23, 15.00, 15.03
05/31/2017, 14.95, 15.34, 14.94, 14.94
06/01/2017, 14.93, 15.08, 14.79, 14.83
06/02/2017, 14.86, 15.01, 14.69, 14.88
06/05/2017, 15.00, 15.09, 14.89, 15.08
06/06/2017, 15.23, 15.41, 15.14, 15.30
06/07/2017, 15.26, 15.54, 15.22, 15.27
06/08/2017, 15.20, 15.27, 14.94, 15.01
06/09/2017, 14.90, 15.65, 14.78, 15.17
06/12/2017, 15.43, 15.73, 15.31, 15.32
06/13/2017, 15.09, 15.16, 14.85, 14.96
06/14/2017, 14.99, 15.20, 14.89, 14.94
06/15/2017, 15.37, 15.43, 15.05, 15.07
06/16/2017, 15.03, 15.29, 14.87, 14.87
06/19/2017, 14.77, 14.79, 14.37, 14.49
06/20/2017, 14.60, 14.85, 14.60, 14.66
06/21/2017, 14.66, 14.86, 14.49, 14.73
06/22/2017, 14.70, 14.81, 14.57, 14.65
06/23/2017, 14.61, 14.76, 14.44, 14.49
06/26/2017, 14.39, 14.53, 14.24, 14.28
06/27/2017, 14.41, 14.83, 14.24, 14.78
06/28/2017, 14.54, 14.74, 14.38, 14.44
06/29/2017, 14.52, 15.90, 14.51, 14.88
06/30/2017, 14.69, 14.96, 14.59, 14.86
07/03/2017, 14.62, 15.02, 14.53, 14.96
07/05/2017, 14.88, 15.25, 14.82, 14.94
07/06/2017, 15.18, 15.57, 15.12, 15.48
07/07/2017, 15.34, 15.38, 15.08, 15.11
07/10/2017, 15.24, 15.24, 14.79, 14.90
07/11/2017, 14.86, 15.24, 14.70, 14.74
07/12/2017, 14.53, 14.56, 14.39, 14.48
07/13/2017, 14.48, 14.50, 14.32, 14.32
07/14/2017, 14.35, 14.40, 13.94, 14.01
07/17/2017, 14.04, 14.15, 13.98, 14.04
07/18/2017, 14.14, 14.24, 14.01, 14.04
07/19/2017, 13.97, 14.04, 13.72, 13.91
07/20/2017, 13.90, 14.09, 13.85, 13.90
07/21/2017, 14.01, 14.05, 13.86, 13.89
07/24/2017, 13.98, 14.02, 13.77, 13.82
07/25/2017, 13.68, 13.79, 13.59, 13.75
07/26/2017, 13.65, 13.81, 13.65, 13.79
07/27/2017, 13.62, 14.31, 13.53, 13.87
07/28/2017, 14.01, 14.20, 13.93, 13.96
07/31/2017, 13.97, 14.17, 13.93, 13.94
08/01/2017, 13.97, 14.05, 13.70, 13.76
08/02/2017, 13.71, 14.04, 13.68, 13.92
08/03/2017, 13.99, 14.20, 13.90, 14.15
08/04/2017, 14.06, 14.30, 13.99, 14.25
08/07/2017, 14.31, 14.32, 14.15, 14.16
08/08/2017, 14.24, 14.79, 14.01, 14.60
08/09/2017, 15.10, 15.31, 14.77, 14.89
08/10/2017, 15.52, 16.74, 15.47, 16.74
08/11/2017, 16.57, 17.12, 16.38, 16.86
08/14/2017, 15.91, 15.91, 15.14, 15.18
08/15/2017, 14.98, 15.23, 14.90, 15.11
08/16/2017, 15.14, 15.22, 14.61, 14.92
08/17/2017, 15.20, 16.61, 15.04, 16.50
08/18/2017, 16.39, 16.70, 15.79, 16.38
08/21/2017, 16.30, 16.46, 15.92, 15.92
08/22/2017, 15.66, 15.66, 14.99, 14.99
08/23/2017, 15.47, 15.57, 15.26, 15.53
08/24/2017, 15.24, 15.90, 15.20, 15.63
08/25/2017, 15.49, 15.73, 15.28, 15.42
08/28/2017, 15.34, 15.67, 15.34, 15.41
08/29/2017, 16.31, 16.31, 15.50, 15.52
08/30/2017, 15.62, 15.69, 15.42, 15.60
08/31/2017, 15.48, 15.66, 15.39, 15.46
09/01/2017, 15.29, 15.47, 15.29, 15.33
09/05/2017, 15.74, 16.67, 15.69, 16.05
09/06/2017, 15.94, 16.28, 15.89, 16.02
09/07/2017, 16.02, 16.36, 15.98, 15.98
09/08/2017, 16.27, 16.51, 16.15, 16.37
09/11/2017, 15.97, 15.97, 15.71, 15.77
09/12/2017, 15.71, 15.80, 15.49, 15.49
09/13/2017, 15.56, 15.57, 15.16, 15.22
09/14/2017, 15.33, 15.36, 15.07, 15.20
09/15/2017, 15.25, 15.26, 15.01, 15.09
09/18/2017, 15.12, 15.13, 14.83, 14.84
09/19/2017, 14.79, 14.93, 14.77, 14.85
09/20/2017, 14.81, 14.96, 14.68, 14.71
09/21/2017, 14.74, 14.88, 14.63, 14.80
09/22/2017, 15.07, 15.15, 14.92, 14.97
09/25/2017, 15.23, 15.48, 15.03, 15.14
09/26/2017, 15.18, 15.33, 15.06, 15.10
09/27/2017, 15.03, 15.20, 14.93, 15.04
09/28/2017, 15.15, 15.15, 14.93, 14.93
09/29/2017, 15.00, 15.04, 14.74, 14.81
10/02/2017, 14.86, 14.89, 14.57, 14.57
10/03/2017, 14.57, 14.58, 14.45, 14.46
10/04/2017, 14.60, 14.61, 14.44, 14.44
10/05/2017, 14.46, 14.47, 14.23, 14.25
10/06/2017, 14.40, 14.74, 14.37, 14.59
10/09/2017, 14.65, 15.04, 14.62, 14.94
10/10/2017, 14.86, 15.05, 14.77, 14.82
10/11/2017, 14.83, 14.94, 14.64, 14.66
10/12/2017, 14.78, 14.85, 14.59, 14.72
10/13/2017, 14.66, 14.69, 14.47, 14.52
10/16/2017, 14.61, 14.62, 14.47, 14.48
10/17/2017, 14.52, 14.60, 14.45, 14.54
10/18/2017, 14.49, 14.56, 14.39, 14.48
10/19/2017, 14.91, 14.97, 14.47, 14.48
10/20/2017, 14.37, 14.39, 14.30, 14.35
10/23/2017, 14.47, 14.85, 14.41, 14.85
10/24/2017, 14.69, 14.84, 14.63, 14.79
10/25/2017, 14.85, 15.79, 14.80, 15.00
10/26/2017, 14.95, 15.16, 14.80, 14.94
10/27/2017, 14.82, 14.91, 14.44, 14.48
10/30/2017, 14.79, 14.92, 14.62, 14.75
10/31/2017, 14.56, 14.70, 14.54, 14.60
11/01/2017, 14.50, 14.76, 14.46, 14.75
11/02/2017, 14.79, 15.17, 14.73, 14.90
11/03/2017, 14.84, 15.01, 14.71, 14.81
11/06/2017, 14.89, 14.91, 14.83, 14.87
11/07/2017, 14.89, 15.31, 14.76, 15.12
11/08/2017, 15.26, 15.34, 15.05, 15.21
11/09/2017, 15.70, 16.14, 15.41, 15.43
11/10/2017, 15.68, 15.96, 15.65, 15.91
11/13/2017, 16.18, 16.18, 15.63, 15.91
11/14/2017, 16.17, 16.45, 16.03, 16.15
11/15/2017, 16.83, 17.16, 16.41, 16.72
11/16/2017, 16.34, 16.34, 15.91, 16.06
11/17/2017, 16.06, 16.10, 15.89, 15.98
11/20/2017, 15.90, 15.90, 15.45, 15.51
11/21/2017, 15.30, 15.30, 14.87, 14.91
11/22/2017, 14.84, 14.91, 14.77, 14.85
11/24/2017, 14.83, 14.91, 14.73, 14.80
11/27/2017, 14.92, 15.01, 14.83, 14.87
11/28/2017, 14.81, 14.91, 14.61, 14.63
11/29/2017, 14.70, 15.24, 14.69, 15.17
11/30/2017, 14.98, 15.20, 14.85, 15.15
12/01/2017, 15.12, 16.54, 15.04, 15.30
12/04/2017, 14.85, 15.38, 14.78, 15.27
12/05/2017, 15.27, 15.51, 14.96, 15.37
12/06/2017, 15.47, 15.52, 15.24, 15.30
12/07/2017, 15.33, 15.40, 14.80, 14.97
12/08/2017, 14.82, 14.90, 14.61, 14.61
12/11/2017, 14.69, 14.79, 14.42, 14.44
12/12/2017, 14.46, 14.62, 14.41, 14.59
12/13/2017, 14.59, 14.79, 14.43, 14.71
12/14/2017, 14.59, 15.01, 14.56, 14.76
12/15/2017, 14.51, 14.55, 14.30, 14.38
12/18/2017, 14.27, 14.43, 14.23, 14.28
12/19/2017, 14.28, 14.67, 14.26, 14.57
12/20/2017, 14.18, 14.58, 13.90, 14.44
12/21/2017, 14.25, 14.53, 14.23, 14.46
12/22/2017, 14.47, 14.70, 14.41, 14.66
12/26/2017, 14.83, 14.89, 14.74, 14.82
12/27/2017, 14.73, 14.86, 14.60, 14.74
12/28/2017, 14.74, 14.94, 14.69, 14.91
12/29/2017, 14.80, 15.15, 14.78, 15.11
01/02/2018, 14.98, 15.03, 14.64, 14.72
01/03/2018, 14.56, 14.58, 14.32, 14.41
01/04/2018, 14.25, 14.42, 14.15, 14.38
01/05/2018, 14.30, 14.42, 14.19, 14.19
01/08/2018, 14.34, 14.46, 14.17, 14.21
01/09/2018, 14.21, 14.40, 14.12, 14.32
01/10/2018, 14.52, 14.68, 14.30, 14.31
01/11/2018, 14.32, 14.40, 14.09, 14.11
01/12/2018, 14.16, 14.27, 14.07, 14.18
01/16/2018, 14.25, 15.31, 14.24, 14.99
01/17/2018, 15.00, 15.22, 14.64, 14.88
01/18/2018, 14.93, 15.31, 14.83, 15.15
01/19/2018, 14.98, 15.09, 14.78, 14.86
01/22/2018, 14.97, 14.97, 14.73, 14.84
01/23/2018, 14.86, 15.03, 14.79, 14.94
01/24/2018, 14.86, 15.54, 14.86, 15.25
01/25/2018, 15.24, 15.60, 15.21, 15.39
01/26/2018, 15.22, 15.31, 15.11, 15.11
01/29/2018, 15.49, 16.16, 15.49, 16.14
01/30/2018, 16.68, 17.03, 16.51, 16.78
01/31/2018, 16.49, 16.59, 16.06, 16.06
02/01/2018, 16.45, 16.45, 15.60, 15.90
02/02/2018, 16.19, 17.55, 16.19, 17.49
02/05/2018, 18.31, 26.88, 17.14, 24.55
02/06/2018, 28.60, 30.16, 20.66, 21.54
02/07/2018, 21.40, 22.15, 18.96, 21.76
02/08/2018, 21.39, 26.21, 21.39, 24.89
02/09/2018, 23.94, 27.92, 22.89, 23.18
02/12/2018, 22.47, 23.53, 21.47, 22.08
02/13/2018, 23.01, 23.01, 21.53, 21.67
02/14/2018, 21.13, 21.20, 19.60, 19.75
02/15/2018, 19.40, 20.14, 19.27, 19.40
02/16/2018, 19.47, 20.07, 18.76, 19.48
02/20/2018, 20.09, 20.35, 19.25, 20.04
02/21/2018, 19.85, 20.27, 18.73, 20.14
02/22/2018, 19.75, 20.01, 19.16, 19.36
02/23/2018, 19.18, 19.31, 18.18, 18.21
02/26/2018, 17.96, 18.17, 17.60, 17.60
02/27/2018, 17.92, 19.45, 17.79, 19.26
02/28/2018, 18.75, 20.25, 18.75, 19.99
03/01/2018, 19.90, 22.12, 19.54, 21.10
03/02/2018, 22.17, 22.73, 19.89, 19.97
03/05/2018, 20.42, 20.54, 19.24, 19.52
03/06/2018, 19.20, 20.09, 19.20, 19.60
03/07/2018, 20.06, 20.27, 19.27, 19.44
03/08/2018, 19.12, 19.42, 18.84, 18.88
03/09/2018, 18.43, 18.54, 17.76, 17.95
03/12/2018, 18.08, 18.83, 17.93, 18.65
03/13/2018, 18.37, 19.26, 18.31, 18.86
03/14/2018, 18.64, 19.56, 18.63, 19.40
03/15/2018, 19.21, 19.49, 18.76, 19.11
03/16/2018, 18.87, 18.92, 18.46, 18.69
03/19/2018, 19.12, 20.68, 19.04, 19.70
03/20/2018, 19.53, 20.02, 19.41, 19.54
03/21/2018, 19.42, 19.65, 17.97, 19.49
03/22/2018, 20.49, 21.60, 20.01, 21.44
03/23/2018, 21.16, 23.26, 20.73, 22.86
03/26/2018, 21.46, 22.27, 20.74, 20.90
03/27/2018, 21.03, 22.67, 20.79, 22.00
03/28/2018, 21.81, 22.94, 21.64, 22.29
03/29/2018, 21.74, 21.96, 20.61, 21.05
04/02/2018, 21.55, 23.18, 21.08, 22.33
04/03/2018, 21.83, 22.23, 21.14, 21.26
04/04/2018, 22.53, 22.53, 20.73, 20.85
04/05/2018, 20.97, 21.00, 20.01, 20.13
04/06/2018, 20.86, 22.18, 20.26, 21.41
04/09/2018, 21.19, 21.49, 20.35, 21.29
04/10/2018, 20.65, 21.16, 20.38, 20.75
04/11/2018, 21.00, 21.00, 20.33, 20.80
04/12/2018, 20.39, 20.39, 19.66, 19.98
04/13/2018, 19.62, 19.90, 19.15, 19.35
04/16/2018, 19.04, 19.08, 18.58, 18.77
04/17/2018, 18.46, 18.46, 17.71, 18.03
04/18/2018, 18.16, 18.52, 17.84, 17.93
04/19/2018, 18.20, 18.61, 17.71, 18.21
04/20/2018, 18.08, 18.88, 18.06, 18.65
04/23/2018, 18.61, 18.83, 17.85, 18.38
04/24/2018, 17.81, 19.85, 17.81, 19.00
04/25/2018, 19.18, 19.83, 18.83, 18.99
04/26/2018, 18.87, 18.92, 17.79, 18.29
04/27/2018, 18.28, 18.62, 17.81, 18.22
04/30/2018, 18.16, 18.52, 17.96, 18.33
05/01/2018, 18.55, 18.72, 18.02, 18.08
05/02/2018, 18.11, 18.32, 17.62, 18.32
05/03/2018, 18.34, 19.28, 18.16, 18.16
05/04/2018, 18.51, 18.68, 17.78, 17.84
05/07/2018, 17.94, 18.05, 17.65, 17.89
05/08/2018, 17.97, 18.26, 17.74, 17.76
05/09/2018, 17.64, 17.71, 17.22, 17.27
05/10/2018, 17.21, 17.24, 16.75, 16.83
05/11/2018, 16.85, 16.93, 16.57, 16.57
05/14/2018, 16.60, 16.60, 16.22, 16.26
05/15/2018, 16.72, 17.28, 16.71, 17.05
05/16/2018, 16.93, 16.93, 16.49, 16.60
05/17/2018, 16.66, 16.89, 16.29, 16.63
05/18/2018, 16.68, 16.85, 16.56, 16.79
05/21/2018, 16.30, 16.55, 16.16, 16.28
05/22/2018, 16.19, 16.53, 16.13, 16.40
05/23/2018, 16.91, 17.00, 16.17, 16.19
05/24/2018, 16.34, 17.31, 16.14, 16.16
05/25/2018, 16.36, 16.53, 16.22, 16.43
05/29/2018, 17.19, 18.41, 16.81, 17.94
05/30/2018, 17.48, 17.54, 17.03, 17.26
05/31/2018, 17.34, 17.79, 17.22, 17.54
06/01/2018, 17.01, 17.01, 16.65, 16.81
06/04/2018, 16.68, 16.73, 16.42, 16.47
06/05/2018, 16.48, 16.67, 16.31, 16.31
06/06/2018, 16.26, 16.46, 15.94, 15.97
06/07/2018, 15.93, 16.52, 15.81, 16.06
06/08/2018, 16.44, 16.51, 16.03, 16.13
06/11/2018, 16.19, 16.22, 15.99, 16.12
06/12/2018, 16.14, 16.26, 16.08, 16.17
06/13/2018, 16.08, 16.65, 16.01, 16.43
06/14/2018, 16.09, 16.31, 15.98, 16.09
06/15/2018, 16.36, 16.67, 16.18, 16.32
06/18/2018, 16.80, 16.90, 16.30, 16.35
06/19/2018, 17.21, 17.25, 16.80, 16.89
06/20/2018, 16.52, 16.92, 16.48, 16.52
06/21/2018, 16.68, 17.36, 16.67, 17.20
06/22/2018, 16.60, 17.03, 16.60, 16.92
06/25/2018, 17.33, 19.17, 17.30, 18.27
06/26/2018, 17.90, 18.13, 17.54, 17.79
06/27/2018, 17.71, 18.78, 17.31, 18.66
06/28/2018, 18.73, 19.25, 18.01, 18.29
06/29/2018, 17.81, 18.22, 17.44, 18.09
07/02/2018, 18.76, 18.84, 17.95, 17.97
07/03/2018, 17.75, 18.36, 17.57, 18.23
07/05/2018, 17.73, 18.17, 17.57, 17.63
07/06/2018, 17.64, 17.70, 17.02, 17.07
07/09/2018, 16.81, 16.81, 16.27, 16.29
07/10/2018, 16.19, 16.38, 16.05, 16.11
07/11/2018, 16.67, 16.67, 16.34, 16.54
07/12/2018, 16.15, 16.40, 16.05, 16.10
07/13/2018, 16.16, 16.34, 15.90, 15.90
07/16/2018, 16.00, 16.16, 15.91, 16.10
07/17/2018, 16.22, 16.22, 15.70, 15.83
07/18/2018, 15.86, 16.00, 15.77, 15.88
07/19/2018, 16.12, 16.35, 16.00, 16.22
07/20/2018, 16.38, 16.46, 16.17, 16.41
07/23/2018, 16.50, 16.67, 16.23, 16.24
07/24/2018, 15.98, 16.46, 15.93, 16.09
07/25/2018, 16.21, 16.21, 15.61, 15.89
07/26/2018, 15.88, 16.13, 15.76, 15.87
07/27/2018, 15.88, 16.70, 15.84, 16.22
07/30/2018, 16.25, 16.77, 16.21, 16.68
07/31/2018, 16.32, 16.54, 16.21, 16.21
08/01/2018, 16.25, 16.52, 16.04, 16.41
08/02/2018, 16.87, 16.90, 16.06, 16.08
08/03/2018, 16.19, 16.19, 15.82, 15.90
08/06/2018, 16.06, 16.09, 15.61, 15.68
08/07/2018, 15.54, 15.57, 15.36, 15.41
08/08/2018, 15.50, 15.59, 15.28, 15.45
08/09/2018, 15.45, 15.60, 15.34, 15.54
08/10/2018, 16.14, 16.43, 15.92, 16.29
08/13/2018, 16.42, 17.00, 16.14, 16.97
08/14/2018, 16.61, 16.87, 16.35, 16.39
08/15/2018, 17.04, 17.90, 16.90, 16.94
08/16/2018, 16.51, 16.63, 16.22, 16.47
08/17/2018, 16.61, 16.75, 16.14, 16.26
08/20/2018, 16.13, 16.20, 16.06, 16.15
08/21/2018, 16.13, 16.33, 15.93, 16.33
08/22/2018, 16.35, 16.41, 16.11, 16.25
08/23/2018, 16.25, 16.41, 15.95, 16.28
08/24/2018, 16.09, 16.14, 15.90, 16.07
08/27/2018, 15.99, 16.08, 15.95, 16.00
08/28/2018, 15.97, 16.26, 15.93, 16.25
08/29/2018, 16.22, 16.32, 16.06, 16.20
08/30/2018, 16.38, 16.91, 16.28, 16.69
08/31/2018, 16.70, 16.94, 16.37, 16.43
09/04/2018, 16.85, 17.09, 16.59, 16.59
09/05/2018, 16.84, 17.15, 16.73, 16.93
09/06/2018, 16.91, 17.46, 16.87, 17.26
09/07/2018, 17.57, 17.67, 17.14, 17.47
09/10/2018, 17.22, 17.30, 17.03, 17.15
09/11/2018, 17.34, 17.41, 16.64, 16.64
09/12/2018, 16.71, 16.74, 16.30, 16.40
09/13/2018, 16.12, 16.14, 15.84, 15.86
09/14/2018, 15.82, 15.92, 15.60, 15.60
09/17/2018, 15.75, 16.16, 15.69, 16.10
09/18/2018, 15.96, 16.09, 15.76, 15.99
09/19/2018, 15.80, 15.89, 15.66, 15.85
09/20/2018, 15.67, 15.78, 15.60, 15.70
09/21/2018, 15.67, 15.93, 15.57, 15.90
09/24/2018, 16.21, 16.41, 15.94, 15.96
09/25/2018, 15.87, 16.12, 15.85, 16.05
09/26/2018, 16.03, 16.39, 15.65, 16.20
09/27/2018, 16.00, 16.12, 15.80, 16.07
09/28/2018, 16.22, 16.26, 15.93, 15.98
10/01/2018, 15.78, 16.14, 15.63, 15.95
10/02/2018, 16.05, 16.15, 15.78, 16.03
10/03/2018, 15.82, 16.13, 15.78, 15.96
10/04/2018, 16.30, 17.34, 16.30, 16.70
10/05/2018, 16.55, 18.03, 16.35, 17.14
10/08/2018, 17.67, 18.32, 17.34, 17.36
10/09/2018, 17.64, 17.88, 17.14, 17.40
10/10/2018, 17.79, 20.31, 17.76, 20.31
10/11/2018, 19.88, 22.31, 19.44, 20.88
10/12/2018, 19.70, 21.66, 19.51, 19.87
10/15/2018, 20.06, 20.57, 19.37, 20.27
10/16/2018, 19.41, 19.60, 18.54, 18.58
10/17/2018, 18.70, 19.55, 18.62, 18.64
10/18/2018, 19.12, 20.54, 18.94, 19.93
10/19/2018, 19.71, 20.44, 19.26, 20.03
10/22/2018, 19.59, 20.46, 19.52, 20.01
10/23/2018, 21.68, 21.72, 20.12, 20.29
10/24/2018, 20.40, 22.61, 20.27, 22.04
10/25/2018, 21.70, 22.08, 20.99, 21.84
10/26/2018, 22.68, 23.19, 21.66, 21.97
10/29/2018, 21.41, 23.58, 21.06, 22.27
10/30/2018, 22.59, 22.61, 21.59, 21.72
10/31/2018, 21.15, 21.45, 20.68, 21.00
11/01/2018, 20.76, 21.05, 20.21, 20.23
11/02/2018, 19.93, 21.33, 19.75, 20.45
11/05/2018, 20.45, 20.78, 20.17, 20.25
11/06/2018, 20.27, 20.27, 19.67, 19.70
11/07/2018, 18.86, 19.00, 18.24, 18.29
11/08/2018, 18.31, 18.49, 18.03, 18.24
11/09/2018, 18.59, 19.27, 18.53, 18.94
11/12/2018, 19.03, 20.33, 19.03, 20.16
11/13/2018, 20.11, 20.70, 19.68, 20.29
11/14/2018, 19.92, 21.49, 19.91, 21.04
11/15/2018, 21.49, 21.96, 20.44, 20.48
11/16/2018, 20.95, 21.03, 19.80, 19.82
11/19/2018, 20.06, 21.20, 19.93, 20.79
11/20/2018, 22.10, 22.54, 21.64, 22.09
11/21/2018, 21.55, 21.80, 21.12, 21.47
11/23/2018, 22.00, 22.00, 21.42, 21.79
11/26/2018, 21.18, 21.23, 20.43, 20.55
11/27/2018, 20.74, 20.89, 20.21, 20.40
11/28/2018, 20.18, 20.49, 19.66, 19.79
11/29/2018, 20.06, 20.61, 19.75, 19.92
11/30/2018, 20.15, 20.20, 19.48, 19.49
12/03/2018, 18.58, 19.06, 18.58, 18.66
12/04/2018, 18.76, 20.91, 18.62, 20.60
12/06/2018, 22.37, 22.98, 20.66, 20.83
12/07/2018, 20.87, 22.52, 20.35, 21.89
12/10/2018, 21.99, 23.15, 21.63, 21.68
12/11/2018, 21.08, 22.48, 21.08, 21.57
12/12/2018, 21.07, 21.73, 20.98, 21.57
12/13/2018, 21.27, 21.88, 21.13, 21.61
12/14/2018, 21.90, 22.37, 21.69, 22.02
12/17/2018, 22.47, 23.65, 22.26, 23.05
12/18/2018, 22.96, 23.80, 22.79, 23.39
12/19/2018, 23.28, 23.70, 22.26, 23.62
12/20/2018, 23.76, 25.20, 23.54, 24.33
12/21/2018, 24.49, 25.21, 23.53, 24.86
12/24/2018, 25.26, 26.39, 25.01, 26.36
12/26/2018, 25.56, 25.97, 23.76, 24.37
12/27/2018, 24.94, 25.83, 24.20, 24.23
12/28/2018, 24.14, 24.88, 23.47, 23.95
12/31/2018, 23.41, 23.50, 22.87, 22.93
01/02/2019, 23.83, 23.83, 22.27, 22.31
01/03/2019, 22.88, 23.69, 22.71, 23.36
01/04/2019, 22.54, 22.61, 21.73, 21.76
01/07/2019, 21.89, 22.04, 21.28, 21.53
01/08/2019, 21.22, 21.68, 21.00, 21.17
01/09/2019, 20.99, 21.21, 20.68, 20.90
01/10/2019, 21.19, 21.40, 20.72, 20.86
01/11/2019, 21.06, 21.11, 20.30, 20.35
01/14/2019, 20.94, 20.96, 20.05, 20.39
01/15/2019, 20.34, 20.34, 19.39, 19.73
01/16/2019, 19.60, 19.84, 19.28, 19.84
01/17/2019, 19.91, 19.95, 19.34, 19.62
01/18/2019, 19.28, 19.48, 18.96, 19.27
01/22/2019, 19.62, 20.72, 19.48, 20.55
01/23/2019, 20.14, 21.15, 20.02, 20.09
01/24/2019, 20.21, 20.34, 19.70, 19.85
01/25/2019, 19.43, 19.53, 19.13, 19.30
01/28/2019, 20.06, 20.25, 19.63, 19.68
01/29/2019, 19.59, 19.96, 19.48, 19.68
01/30/2019, 19.51, 19.72, 18.87, 19.04
01/31/2019, 19.07, 19.12, 18.44, 18.44
02/01/2019, 18.45, 18.74, 18.08, 18.32
02/04/2019, 18.40, 18.46, 17.90, 17.96
02/05/2019, 17.93, 17.93, 17.39, 17.79
02/06/2019, 17.69, 17.77, 17.49, 17.69
02/07/2019, 18.19, 18.69, 17.95, 18.05
02/08/2019, 18.38, 18.59, 17.88, 17.90
02/11/2019, 17.80, 18.05, 17.76, 17.85
02/12/2019, 17.49, 17.59, 17.35, 17.51
02/13/2019, 17.45, 17.68, 17.36, 17.62
02/14/2019, 18.03, 18.23, 17.68, 17.98
02/15/2019, 17.59, 17.70, 17.38, 17.40
02/19/2019, 17.63, 17.63, 17.04, 17.19
02/20/2019, 17.20, 17.20, 16.73, 16.75
02/21/2019, 17.00, 17.16, 16.70, 16.97
02/22/2019, 16.79, 16.83, 16.52, 16.53
02/25/2019, 16.41, 16.84, 16.33, 16.81
02/26/2019, 17.00, 17.08, 16.76, 17.08
02/27/2019, 17.17, 17.50, 16.82, 16.83
02/28/2019, 16.82, 17.12, 16.79, 16.93
03/01/2019, 16.64, 16.95, 16.41, 16.48
03/04/2019, 16.42, 17.65, 16.29, 16.93
03/05/2019, 16.95, 17.24, 16.81, 16.99
03/06/2019, 17.07, 17.58, 17.07, 17.47
03/07/2019, 17.69, 18.29, 17.49, 17.87
03/08/2019, 18.50, 18.57, 17.79, 17.81
03/11/2019, 17.73, 17.73, 17.00, 17.00
03/12/2019, 16.95, 16.96, 16.62, 16.74
03/13/2019, 16.58, 16.62, 16.34, 16.46
03/14/2019, 16.50, 16.65, 16.29, 16.45
03/15/2019, 16.38, 16.38, 16.05, 16.24
03/18/2019, 16.35, 16.57, 16.23, 16.36
03/19/2019, 16.13, 16.76, 16.13, 16.61
03/20/2019, 16.72, 16.92, 16.30, 16.78
03/21/2019, 16.83, 16.83, 16.34, 16.50
03/22/2019, 16.81, 18.08, 16.71, 17.78
03/25/2019, 18.04, 18.34, 17.64, 17.83
03/26/2019, 17.34, 17.61, 17.16, 17.28
03/27/2019, 17.27, 18.09, 17.17, 17.56
03/28/2019, 17.39, 17.76, 17.23, 17.25
03/29/2019, 16.97, 17.16, 16.84, 16.89
04/01/2019, 16.75, 16.86, 16.45, 16.53
04/02/2019, 16.59, 16.71, 16.51, 16.63
04/03/2019, 16.42, 16.85, 16.36, 16.60
04/04/2019, 16.60, 16.77, 16.46, 16.56
04/05/2019, 16.38, 16.45, 16.22, 16.28
04/08/2019, 16.48, 16.61, 16.34, 16.38
04/09/2019, 16.69, 16.97, 16.61, 16.90
04/10/2019, 16.75, 16.86, 16.48, 16.49
04/11/2019, 16.44, 16.56, 16.29, 16.43
04/12/2019, 16.13, 16.20, 15.98, 16.04
04/15/2019, 16.07, 16.47, 16.07, 16.09
04/16/2019, 15.96, 16.19, 15.89, 16.06
04/17/2019, 15.86, 16.46, 15.86, 16.29
04/18/2019, 16.10, 16.42, 16.07, 16.14
04/22/2019, 16.45, 16.47, 16.19, 16.19
04/23/2019, 16.11, 16.14, 15.93, 16.00
04/24/2019, 16.11, 16.32, 16.01, 16.28
04/25/2019, 16.44, 16.82, 16.19, 16.44
04/26/2019, 16.38, 16.49, 16.04, 16.20
04/29/2019, 16.31, 16.46, 16.18, 16.46
04/30/2019, 16.52, 16.90, 16.36, 16.43
05/01/2019, 16.40, 17.11, 16.22, 17.09
05/02/2019, 16.96, 17.53, 16.68, 17.00
05/03/2019, 16.62, 16.63, 16.33, 16.38
05/06/2019, 18.10, 18.10, 16.98, 17.15
05/07/2019, 17.84, 19.58, 17.82, 18.63
05/08/2019, 18.83, 19.04, 17.98, 18.60
05/09/2019, 19.60, 19.99, 18.33, 18.38
05/10/2019, 18.30, 19.10, 17.34, 17.47
05/13/2019, 19.11, 19.66, 18.77, 19.34
05/14/2019, 18.74, 18.74, 18.13, 18.37
05/15/2019, 18.77, 18.82, 17.73, 17.81
05/16/2019, 17.80, 17.80, 17.18, 17.35
05/17/2019, 17.89, 17.89, 17.18, 17.57
05/20/2019, 17.97, 18.15, 17.48, 17.69
05/21/2019, 17.32, 17.35, 17.09, 17.12
05/22/2019, 17.29, 17.33, 17.01, 17.10
05/23/2019, 17.84, 18.39, 17.73, 18.01
05/24/2019, 17.55, 17.94, 17.43, 17.72
05/28/2019, 17.73, 18.32, 17.54, 18.29
05/29/2019, 18.66, 18.94, 18.35, 18.61
05/30/2019, 18.30, 18.87, 18.18, 18.48
05/31/2019, 19.17, 19.29, 18.85, 19.14
06/03/2019, 18.96, 19.51, 18.78, 19.09
06/04/2019, 18.68, 18.84, 18.17, 18.17
06/05/2019, 17.97, 18.43, 17.82, 17.82
06/06/2019, 17.84, 18.03, 17.58, 17.67
06/07/2019, 17.69, 17.87, 17.52, 17.86
06/10/2019, 17.58, 17.81, 17.50, 17.66
06/11/2019, 17.43, 18.05, 17.41, 17.81
06/12/2019, 17.81, 18.12, 17.80, 17.82
06/13/2019, 17.65, 17.81, 17.56, 17.64
06/14/2019, 17.73, 17.86, 17.43, 17.48
06/17/2019, 17.51, 17.64, 17.41, 17.49
06/18/2019, 17.30, 19.25, 17.15, 17.38
06/19/2019, 17.28, 17.57, 17.09, 17.14
06/20/2019, 16.91, 17.56, 16.78, 17.05
06/21/2019, 17.00, 17.44, 16.98, 17.43
06/24/2019, 17.26, 17.41, 17.23, 17.27
06/25/2019, 17.28, 17.95, 17.28, 17.78
06/26/2019, 17.60, 17.91, 17.47, 17.80
06/27/2019, 17.62, 17.80, 17.50, 17.52
06/28/2019, 17.42, 17.55, 16.96, 16.96
07/01/2019, 16.43, 16.70, 16.34, 16.38
07/02/2019, 16.39, 16.48, 15.92, 15.92
07/03/2019, 15.96, 16.10, 15.74, 15.74
07/05/2019, 16.18, 16.50, 15.87, 15.99
07/08/2019, 16.28, 16.51, 16.25, 16.36
07/09/2019, 16.70, 16.70, 16.41, 16.47
07/10/2019, 16.31, 16.35, 15.95, 16.25
07/11/2019, 16.17, 16.41, 16.04, 16.15
07/12/2019, 16.04, 16.15, 15.97, 16.09
07/15/2019, 16.14, 16.35, 16.13, 16.28
07/16/2019, 16.19, 16.44, 16.15, 16.39
07/17/2019, 16.28, 16.85, 16.22, 16.84
07/18/2019, 16.87, 17.03, 16.45, 16.61
07/19/2019, 16.47, 16.90, 16.44, 16.90
07/22/2019, 16.81, 16.86, 16.47, 16.57
07/23/2019, 16.35, 16.49, 16.13, 16.18
07/24/2019, 16.38, 16.38, 15.88, 15.93
07/25/2019, 16.11, 16.76, 16.09, 16.25
07/26/2019, 16.10, 16.10, 15.84, 15.95
07/29/2019, 16.07, 16.28, 16.00, 16.16
07/30/2019, 16.59, 16.68, 16.36, 16.61
07/31/2019, 16.57, 18.23, 16.39, 17.47
08/01/2019, 17.17, 18.74, 16.64, 18.17
08/02/2019, 18.21, 18.84, 17.99, 18.11
08/05/2019, 19.56, 20.82, 19.33, 20.81
08/06/2019, 19.42, 20.22, 19.17, 19.41
08/07/2019, 20.24, 20.60, 19.03, 19.26
08/08/2019, 18.87, 19.05, 18.02, 18.05
08/09/2019, 18.38, 19.05, 18.22, 18.56
08/12/2019, 19.13, 20.53, 18.93, 19.87
08/13/2019, 19.94, 19.97, 18.49, 18.69
08/14/2019, 20.01, 20.94, 19.76, 20.73
08/15/2019, 20.64, 21.34, 20.40, 20.58
08/16/2019, 20.01, 20.01, 19.42, 19.64
08/19/2019, 19.00, 19.18, 18.67, 18.82
08/20/2019, 18.80, 19.17, 18.63, 19.15
08/21/2019, 18.32, 18.57, 18.23, 18.37
08/22/2019, 18.37, 19.11, 18.33, 18.75
08/23/2019, 19.19, 20.88, 18.54, 20.22
08/26/2019, 19.91, 20.63, 19.77, 19.88
08/27/2019, 19.72, 20.74, 19.68, 20.56
08/28/2019, 20.86, 21.03, 20.07, 20.16
08/29/2019, 19.62, 19.87, 19.37, 19.45
08/30/2019, 19.23, 19.93, 19.21, 19.85
09/03/2019, 20.37, 20.63, 20.05, 20.36
09/04/2019, 19.72, 20.00, 19.43, 19.43
09/05/2019, 19.09, 19.09, 18.66, 18.88
09/06/2019, 18.68, 18.83, 18.47, 18.51
09/09/2019, 18.46, 18.90, 18.40, 18.58
09/10/2019, 18.79, 19.05, 18.45, 18.48
09/11/2019, 18.54, 18.56, 18.25, 18.25
09/12/2019, 18.11, 18.41, 17.93, 18.07
09/13/2019, 18.01, 18.18, 17.83, 18.04
09/16/2019, 18.53, 18.56, 18.29, 18.47
09/17/2019, 18.58, 19.05, 18.52, 18.54
09/18/2019, 18.64, 19.45, 18.24, 18.31
09/19/2019, 18.22, 18.34, 17.90, 18.26
09/20/2019, 18.00, 19.06, 17.97, 18.96
09/23/2019, 18.97, 19.04, 18.97, 19.04
09/24/2019, 18.99, 19.82, 18.43, 19.44
09/25/2019, 19.42, 20.19, 18.93, 19.06
09/26/2019, 19.10, 19.54, 19.02, 19.16
09/27/2019, 19.00, 20.21, 18.94, 19.62
09/30/2019, 19.41, 19.46, 19.01, 19.02
10/01/2019, 18.92, 20.05, 18.80, 20.03
10/02/2019, 20.41, 21.18, 20.39, 21.00
10/03/2019, 20.91, 21.52, 20.38, 20.40
10/04/2019, 20.16, 20.16, 19.46, 19.51
10/07/2019, 19.81, 19.92, 19.27, 19.76
10/08/2019, 20.29, 20.93, 20.08, 20.82
10/09/2019, 20.39, 20.57, 20.01, 20.26
10/10/2019, 20.40, 20.58, 19.69, 19.74
10/11/2019, 19.22, 19.24, 18.63, 18.86
10/14/2019, 18.90, 18.96, 18.53, 18.58
10/15/2019, 18.28, 18.29, 17.91, 18.10
10/16/2019, 18.26, 18.37, 18.08, 18.12
10/17/2019, 17.95, 18.24, 17.87, 18.01
10/18/2019, 18.19, 18.57, 18.07, 18.21
10/21/2019, 17.95, 18.11, 17.81, 17.82
10/22/2019, 17.73, 18.17, 17.65, 18.02
10/23/2019, 18.03, 18.10, 17.80, 17.84
10/24/2019, 17.70, 17.97, 17.67, 17.84
10/25/2019, 17.82, 17.82, 17.40, 17.45
10/28/2019, 17.48, 17.63, 17.40, 17.59
10/29/2019, 17.76, 17.90, 17.56, 17.77
10/30/2019, 17.83, 18.10, 17.34, 17.48
10/31/2019, 17.67, 18.06, 17.63, 17.71
11/01/2019, 17.36, 17.68, 17.19, 17.29
11/04/2019, 17.16, 17.51, 17.16, 17.38
11/05/2019, 17.45, 17.65, 17.37, 17.65
11/06/2019, 17.73, 17.88, 17.62, 17.66
11/07/2019, 17.57, 17.76, 17.47, 17.64
11/08/2019, 17.77, 17.91, 17.45, 17.50
11/11/2019, 17.99, 17.99, 17.47, 17.54
11/12/2019, 17.50, 17.61, 17.32, 17.45
11/13/2019, 17.73, 17.74, 17.46, 17.48
11/14/2019, 17.61, 17.82, 17.45, 17.48
11/15/2019, 17.27, 17.36, 17.06, 17.10
11/18/2019, 17.26, 17.36, 17.12, 17.16
11/19/2019, 17.10, 17.41, 17.10, 17.40
11/20/2019, 17.43, 18.05, 17.34, 17.60
11/21/2019, 17.63, 18.09, 17.63, 17.84
11/22/2019, 17.71, 17.89, 17.53, 17.53
11/25/2019, 17.44, 17.45, 17.15, 17.15
11/26/2019, 17.18, 17.21, 17.00, 17.00
11/27/2019, 17.05, 17.11, 16.99, 17.06
11/29/2019, 17.29, 17.47, 17.25, 17.41
12/02/2019, 17.55, 18.33, 17.55, 18.20
12/03/2019, 19.32, 19.63, 18.66, 18.84
12/04/2019, 18.37, 18.41, 18.08, 18.27
12/05/2019, 18.12, 18.45, 17.93, 18.13
12/06/2019, 17.65, 17.80, 17.49, 17.74
12/09/2019, 17.88, 18.50, 17.78, 18.43
12/10/2019, 18.40, 18.69, 18.21, 18.37
12/11/2019, 18.36, 18.52, 18.18, 18.18
12/12/2019, 18.37, 18.37, 17.51, 17.61
12/13/2019, 17.66, 17.77, 17.04, 17.05
12/16/2019, 16.74, 16.78, 16.55, 16.68
12/17/2019, 16.72, 16.91, 16.66, 16.89
12/18/2019, 16.76, 16.97, 16.74, 16.91
12/19/2019, 16.91, 17.04, 16.77, 16.77
12/20/2019, 16.64, 16.87, 16.58, 16.85
12/23/2019, 16.91, 17.10, 16.90, 17.00
12/24/2019, 17.00, 17.11, 16.97, 16.97
12/26/2019, 17.00, 17.01, 16.89, 16.92
12/27/2019, 16.95, 17.36, 16.94, 17.28
12/30/2019, 17.46, 17.96, 17.44, 17.70
12/31/2019, 17.94, 17.96, 17.11, 17.13
01/02/2020, 16.89, 17.06, 16.56, 16.58
01/03/2020, 17.47, 17.47, 16.85, 17.16
01/06/2020, 17.60, 17.60, 16.98, 17.08
01/07/2020, 17.22, 17.35, 16.87, 17.02
01/08/2020, 17.06, 17.06, 16.49, 16.65
01/09/2020, 16.51, 16.64, 16.35, 16.36
01/10/2020, 16.38, 16.46, 16.19, 16.33
01/13/2020, 16.35, 16.48, 16.03, 16.03
01/14/2020, 16.12, 16.30, 15.90, 16.01
01/15/2020, 16.09, 16.16, 15.93, 15.98
01/16/2020, 15.85, 15.89, 15.74, 15.78
01/17/2020, 15.78, 15.97, 15.61, 15.76
01/21/2020, 15.85, 16.02, 15.75, 15.94
01/22/2020, 15.83, 16.11, 15.74, 16.11
01/23/2020, 16.31, 16.58, 16.06, 16.11
01/24/2020, 16.04, 17.24, 16.00, 16.78
01/27/2020, 18.18, 18.18, 17.60, 18.11
01/28/2020, 17.63, 17.76, 17.14, 17.35
01/29/2020, 17.05, 17.44, 16.99, 17.36
01/30/2020, 17.77, 18.18, 16.98, 17.03
01/31/2020, 17.49, 19.25, 17.45, 18.34
02/03/2020, 17.94, 18.28, 17.60, 18.09
02/04/2020, 17.22, 17.29, 16.99, 17.06
02/05/2020, 16.69, 16.99, 16.64, 16.67
02/06/2020, 16.60, 16.78, 16.49, 16.57
02/07/2020, 16.93, 17.20, 16.75, 16.94
02/10/2020, 17.17, 17.18, 16.73, 16.78
02/11/2020, 16.60, 16.91, 16.49, 16.83
02/12/2020, 16.61, 16.66, 16.33, 16.34
02/13/2020, 16.82, 16.85, 16.44, 16.55
02/14/2020, 16.50, 16.80, 16.38, 16.46
02/18/2020, 16.91, 17.20, 16.78, 16.86
02/19/2020, 16.70, 16.84, 16.59, 16.76
02/20/2020, 16.91, 18.01, 16.76, 17.24
02/21/2020, 17.60, 18.24, 17.60, 17.92
02/24/2020, 19.82, 20.91, 19.52, 20.48
02/25/2020, 19.77, 22.64, 19.77, 21.88
02/26/2020, 21.19, 22.20, 20.56, 21.85
02/27/2020, 23.66, 25.69, 22.53, 25.61
02/28/2020, 25.64, 29.35, 25.64, 25.91
03/02/2020, 25.16, 26.45, 23.96, 24.73
03/03/2020, 24.39, 27.33, 23.15, 26.34
03/04/2020, 24.65, 25.72, 24.13, 24.88
03/05/2020, 26.86, 29.98, 26.32, 28.90
03/06/2020, 28.91, 35.07, 28.91, 31.40
03/09/2020, 31.45, 38.59, 31.45, 36.89
03/10/2020, 32.95, 37.71, 32.84, 34.34
03/11/2020, 37.08, 39.43, 36.49, 38.54
03/12/2020, 38.51, 48.08, 38.51, 47.81
03/13/2020, 43.30, 48.83, 40.52, 41.23
03/16/2020, 40.97, 56.15, 40.97, 55.40
03/17/2020, 55.06, 57.33, 50.51, 54.81
03/18/2020, 54.66, 66.73, 54.66, 61.11
03/19/2020, 63.31, 67.18, 53.62, 56.06
03/20/2020, 56.41, 56.41, 47.21, 53.12
03/23/2020, 53.18, 53.58, 45.98, 46.59
03/24/2020, 46.83, 46.83, 37.98, 41.59
03/25/2020, 43.90, 45.44, 42.40, 44.31
03/26/2020, 42.54, 42.54, 40.62, 40.85
03/27/2020, 40.85, 48.63, 40.85, 47.71
03/30/2020, 44.06, 45.08, 43.52, 43.89
03/31/2020, 43.10, 43.35, 40.94, 42.47
04/01/2020, 44.43, 45.96, 42.43, 45.18
04/02/2020, 45.12, 45.12, 42.19, 42.67
04/03/2020, 42.56, 42.80, 40.53, 40.84
04/06/2020, 38.68, 39.36, 38.09, 39.15
04/07/2020, 37.75, 39.58, 37.33, 39.54
04/08/2020, 38.63, 39.17, 37.59, 38.32
04/09/2020, 38.32, 38.36, 37.23, 37.42
04/13/2020, 37.44, 38.22, 36.98, 37.00
04/14/2020, 35.96, 36.01, 34.72, 34.91
04/15/2020, 37.03, 37.92, 36.58, 36.94
04/16/2020, 36.63, 38.05, 36.57, 37.04
04/17/2020, 35.99, 36.69, 35.57, 35.66
04/20/2020, 35.67, 38.36, 35.67, 38.29
04/21/2020, 40.09, 41.39, 39.86, 40.39
04/22/2020, 39.17, 39.46, 38.55, 38.89
04/23/2020, 38.27, 39.16, 37.59, 39.16
04/24/2020, 38.21, 38.57, 36.97, 37.10
04/27/2020, 36.45, 36.45, 34.63, 35.12
04/28/2020, 33.99, 35.37, 33.88, 34.95
04/29/2020, 33.80, 33.90, 32.73, 33.19
04/30/2020, 34.06, 35.21, 34.02, 34.49
05/01/2020, 36.23, 37.36, 35.85, 36.85
05/04/2020, 37.59, 37.87, 36.18, 36.43
05/05/2020, 35.61, 35.63, 34.41, 35.29
05/06/2020, 34.70, 35.63, 34.56, 35.58
05/07/2020, 34.38, 34.84, 34.00, 34.45
05/08/2020, 33.75, 33.88, 32.70, 32.73
05/11/2020, 33.57, 33.63, 31.72, 32.13
05/12/2020, 31.29, 34.78, 31.22, 34.77
05/13/2020, 34.61, 37.58, 34.09, 36.72
05/14/2020, 38.01, 39.19, 35.45, 35.66
05/15/2020, 36.76, 37.17, 35.10, 35.57
05/18/2020, 33.32, 33.49, 32.86, 33.14
05/19/2020, 33.17, 33.78, 32.43, 33.59
05/20/2020, 32.53, 33.00, 32.17, 32.45
05/21/2020, 32.54, 35.05, 32.39, 33.59
05/22/2020, 33.53, 33.85, 33.07, 33.16
05/26/2020, 33.16, 33.16, 31.74, 32.55
05/27/2020, 32.08, 34.33, 31.77, 31.85
05/28/2020, 32.19, 34.34, 31.83, 32.59
05/29/2020, 33.29, 34.87, 31.95, 31.96
06/01/2020, 33.11, 34.08, 32.23, 32.41
06/02/2020, 32.44, 32.77, 31.71, 31.78
06/03/2020, 31.66, 32.86, 30.87, 31.07
06/04/2020, 31.07, 31.47, 30.38, 30.99
06/05/2020, 29.87, 29.91, 29.38, 29.68
06/08/2020, 29.77, 32.40, 29.70, 30.04
06/09/2020, 30.86, 31.35, 30.74, 31.24
06/10/2020, 30.99, 32.18, 30.26, 31.23
06/11/2020, 33.98, 40.83, 33.23, 39.68
06/12/2020, 36.88, 42.66, 36.03, 37.79
06/15/2020, 40.01, 40.96, 36.66, 36.66
06/16/2020, 35.83, 39.10, 34.47, 36.26
06/17/2020, 36.34, 37.17, 35.88, 36.59
06/18/2020, 37.73, 37.93, 35.94, 36.11
06/19/2020, 35.38, 37.74, 35.07, 37.74
06/22/2020, 37.69, 37.69, 34.99, 35.00
06/23/2020, 34.37, 34.65, 33.28, 34.17
06/24/2020, 34.17, 37.10, 34.17, 35.57
06/25/2020, 35.60, 37.25, 34.64, 34.84
06/26/2020, 34.83, 36.84, 34.83, 36.23
06/29/2020, 35.69, 36.66, 34.47, 34.48
06/30/2020, 34.48, 35.50, 32.67, 33.13
07/01/2020, 32.83, 33.14, 32.26, 32.56
07/02/2020, 32.56, 32.56, 31.54, 31.82
07/06/2020, 31.21, 31.88, 31.06, 31.66
07/07/2020, 31.92, 32.65, 31.39, 32.49
07/08/2020, 32.11, 32.85, 31.72, 31.83
07/09/2020, 31.65, 33.41, 31.64, 32.37
07/10/2020, 32.35, 32.91, 31.68, 31.72
07/13/2020, 32.42, 35.15, 32.28, 35.02
07/14/2020, 35.01, 35.51, 33.09, 33.28
07/15/2020, 32.64, 33.97, 32.64, 32.74
07/16/2020, 33.58, 37.67, 32.29, 32.75
07/17/2020, 32.09, 32.39, 31.69, 31.73
07/20/2020, 31.57, 32.14, 30.30, 30.43
07/21/2020, 30.00, 31.18, 29.85, 30.70
07/22/2020, 31.10, 31.40, 30.43, 30.43
07/23/2020, 30.65, 31.95, 30.41, 31.94
07/24/2020, 31.96, 32.50, 31.52, 31.65
07/27/2020, 31.64, 31.91, 31.29, 31.33
07/28/2020, 31.50, 31.87, 31.07, 31.47
07/29/2020, 31.19, 31.52, 30.97, 30.97
07/30/2020, 32.19, 33.12, 31.33, 31.39
07/31/2020, 31.11, 32.59, 31.11, 31.21
08/03/2020, 31.21, 31.52, 31.08, 31.18
08/04/2020, 31.13, 31.27, 30.59, 30.72
08/05/2020, 30.29, 30.73, 30.26, 30.32
08/06/2020, 30.43, 30.61, 30.05, 30.11
08/07/2020, 30.13, 30.53, 29.97, 30.22
08/10/2020, 30.09, 30.57, 29.79, 29.91
08/11/2020, 29.92, 31.07, 29.35, 30.79
08/12/2020, 30.81, 30.81, 29.67, 29.85
08/13/2020, 29.84, 30.41, 29.62, 30.05
08/14/2020, 30.05, 30.66, 30.05, 30.45
08/17/2020, 30.21, 30.35, 29.50, 29.50
08/18/2020, 29.51, 30.23, 29.51, 29.63
08/19/2020, 29.74, 30.48, 29.61, 30.30
08/20/2020, 30.16, 30.52, 29.22, 29.34
08/21/2020, 29.36, 30.93, 29.36, 29.51
08/24/2020, 29.18, 29.70, 29.14, 29.50
08/25/2020, 29.58, 30.04, 29.35, 29.36
08/26/2020, 29.48, 29.92, 28.97, 29.87
08/27/2020, 29.87, 32.15, 29.82, 30.63
08/28/2020, 30.63, 32.01, 30.20, 30.49
08/31/2020, 30.42, 32.30, 30.42, 32.20
09/01/2020, 32.20, 32.80, 32.13, 32.42
09/02/2020, 32.42, 33.45, 32.42, 33.24
09/03/2020, 33.25, 36.78, 32.68, 35.54
09/04/2020, 35.55, 37.73, 33.33, 33.94
09/08/2020, 33.93, 36.49, 33.38, 33.44
09/09/2020, 33.38, 33.38, 31.77, 31.99
09/10/2020, 31.99, 33.15, 31.71, 32.67
09/11/2020, 32.67, 32.86, 31.47, 31.66
09/14/2020, 31.27, 31.42, 30.98, 31.30
09/15/2020, 31.16, 31.57, 30.95, 31.29
09/16/2020, 31.49, 31.69, 30.95, 31.62
09/17/2020, 32.87, 32.87, 31.51, 31.82
09/18/2020, 31.80, 32.65, 31.27, 31.69
09/21/2020, 33.35, 34.07, 32.38, 32.46
09/22/2020, 32.59, 33.18, 32.35, 32.54
09/23/2020, 32.47, 33.96, 32.22, 33.49
09/24/2020, 34.13, 34.38, 33.03, 33.39
09/25/2020, 33.85, 33.90, 32.55, 32.62
